MK_gRNA_AARS_1	TCACAACTACACCAGAAGCCACCTTGTTGGCCCTTGGCGGGGGACTCTGGTTTAAGAGCTAAGCGCAACACTTTGACGAAGA
MK_gRNA_AARS_2	TCACAACTACACCAGAAGCCACCTTGTTGGCGGCGACCCTAGGAGAGGTGTTTAAGAGCTAAGCGCAACACTTTGACGAAGA
MK_gRNA_AGGF1_1	TCACAACTACACCAGAAGCCACCTTGTTGGTAAGCAGTCGGAAAACCAGGTTTAAGAGCTAAGCGCAACACTTTGACGAAGA
MK_gRNA_AGGF1_2	TCACAACTACACCAGAAGCCACCTTGTTGGTCTCCAGCTACAGAGACAGGTTTAAGAGCTAAGCGCAACACTTTGACGAAGA
MK_gRNA_AKAP8L_1	TCACAACTACACCAGAAGCCACCTTGTTGGCCACCTGTGTAGCTCATGGGTTTAAGAGCTAAGCGCAACACTTTGACGAAGA
MK_gRNA_AKAP8L_2	TCACAACTACACCAGAAGCCACCTTGTTGGCCGCCACCATGAGCTACACGTTTAAGAGCTAAGCGCAACACTTTGACGAAGA
MK_gRNA_ANKHD1_1	TCACAACTACACCAGAAGCCACCTTGTTGGGAACGAGAAGAGCAGCAAGGTTTAAGAGCTAAGCGCAACACTTTGACGAAGA
MK_gRNA_ANKHD1_2	TCACAACTACACCAGAAGCCACCTTGTTGGTTAGGCAGTGAGAAGTTAGGTTTAAGAGCTAAGCGCAACACTTTGACGAAGA
MK_gRNA_BUD13_1	TCACAACTACACCAGAAGCCACCTTGTTGGACTCGGCCTTGGAAAGCGGGTTTAAGAGCTAAGCGCAACACTTTGACGAAGA
MK_gRNA_BUD13_2	TCACAACTACACCAGAAGCCACCTTGTTGGGATACTCGGCCTTGGAAAGGTTTAAGAGCTAAGCGCAACACTTTGACGAAGA
MK_gRNA_CNOT4_1	TCACAACTACACCAGAAGCCACCTTGTTGGGGGCCACCATCTTACATTAGTTTAAGAGCTAAGCGCAACACTTTGACGAAGA
MK_gRNA_CNOT4_2	TCACAACTACACCAGAAGCCACCTTGTTGGAGGCGGGTGAGTCTATGCGGTTTAAGAGCTAAGCGCAACACTTTGACGAAGA
MK_gRNA_CPEB2_1	TCACAACTACACCAGAAGCCACCTTGTTGGTAAGCGGCCAGggcggctaGTTTAAGAGCTAAGCGCAACACTTTGACGAAGA
MK_gRNA_CPEB2_2	TCACAACTACACCAGAAGCCACCTTGTTGGgcggctacggcgactgcgaGTTTAAGAGCTAAGCGCAACACTTTGACGAAGA
MK_gRNA_CSTF2T_1	TCACAACTACACCAGAAGCCACCTTGTTGGAGTTTGGCGGTGAGAGACCGTTTAAGAGCTAAGCGCAACACTTTGACGAAGA
MK_gRNA_CSTF2T_2	TCACAACTACACCAGAAGCCACCTTGTTGGGCCTCGAAGAATCCGCTATGTTTAAGAGCTAAGCGCAACACTTTGACGAAGA
MK_gRNA_DAZAP1_1	TCACAACTACACCAGAAGCCACCTTGTTGGGCGCCGACGAGATCGGGTGGTTTAAGAGCTAAGCGCAACACTTTGACGAAGA
MK_gRNA_DAZAP1_2	TCACAACTACACCAGAAGCCACCTTGTTGGGCCCGGATCTGCGCAAcggGTTTAAGAGCTAAGCGCAACACTTTGACGAAGA
MK_gRNA_DDX24_1	TCACAACTACACCAGAAGCCACCTTGTTGGAGCAGCAACTGCAGTTCCGGTTTAAGAGCTAAGCGCAACACTTTGACGAAGA
MK_gRNA_DDX24_2	TCACAACTACACCAGAAGCCACCTTGTTGGGGTACAGCGGCGGTTTCTGGTTTAAGAGCTAAGCGCAACACTTTGACGAAGA
MK_gRNA_DDX3X_1	TCACAACTACACCAGAAGCCACCTTGTTGGATCTGCCTAGCTCCCACTAGTTTAAGAGCTAAGCGCAACACTTTGACGAAGA
MK_gRNA_DDX3X_2	TCACAACTACACCAGAAGCCACCTTGTTGGCCCTCTCACGGGAGAACTGGTTTAAGAGCTAAGCGCAACACTTTGACGAAGA
MK_gRNA_DDX42_1	TCACAACTACACCAGAAGCCACCTTGTTGGGCGGGCGCGGAGCGAATCCGTTTAAGAGCTAAGCGCAACACTTTGACGAAGA
MK_gRNA_DDX42_2	TCACAACTACACCAGAAGCCACCTTGTTGGCAGCGCGTACTTTGGGCTCGTTTAAGAGCTAAGCGCAACACTTTGACGAAGA
MK_gRNA_DDX55_1	TCACAACTACACCAGAAGCCACCTTGTTGGCTGGGCGCGCTGCGGGAGCGTTTAAGAGCTAAGCGCAACACTTTGACGAAGA
MK_gRNA_DDX55_2	TCACAACTACACCAGAAGCCACCTTGTTGGTCCCTGGCGTGGGGGAGTGGTTTAAGAGCTAAGCGCAACACTTTGACGAAGA
MK_gRNA_DDX6_1	TCACAACTACACCAGAAGCCACCTTGTTGGcgggCGGAGGTTTCCGAGGGTTTAAGAGCTAAGCGCAACACTTTGACGAAGA
MK_gRNA_DDX6_2	TCACAACTACACCAGAAGCCACCTTGTTGGgagaggaggccgtagcgagGTTTAAGAGCTAAGCGCAACACTTTGACGAAGA
MK_gRNA_DGCR8_1	TCACAACTACACCAGAAGCCACCTTGTTGGGTCCAGGCTCTCCGGTCGCGTTTAAGAGCTAAGCGCAACACTTTGACGAAGA
MK_gRNA_DGCR8_2	TCACAACTACACCAGAAGCCACCTTGTTGGGCAGGCGGGTGCCGGCGACGTTTAAGAGCTAAGCGCAACACTTTGACGAAGA
MK_gRNA_DHX30_1	TCACAACTACACCAGAAGCCACCTTGTTGGGCGGCCGCTAGGAGACTCAGTTTAAGAGCTAAGCGCAACACTTTGACGAAGA
MK_gRNA_DHX30_2	TCACAACTACACCAGAAGCCACCTTGTTGGGTCGGCGGGAGCACGATGGGTTTAAGAGCTAAGCGCAACACTTTGACGAAGA
MK_gRNA_DROSHA_1	TCACAACTACACCAGAAGCCACCTTGTTGGAAAGCCAGGCTACTACCGCGTTTAAGAGCTAAGCGCAACACTTTGACGAAGA
MK_gRNA_DROSHA_2	TCACAACTACACCAGAAGCCACCTTGTTGGACCGCAGGTACCAAGACAGGTTTAAGAGCTAAGCGCAACACTTTGACGAAGA
MK_gRNA_EFTUD2_1	TCACAACTACACCAGAAGCCACCTTGTTGGGCGGGTCAGCGGCACGGAAGTTTAAGAGCTAAGCGCAACACTTTGACGAAGA
MK_gRNA_EFTUD2_2	TCACAACTACACCAGAAGCCACCTTGTTGGGGGGCGGAAGCACGATCTCGTTTAAGAGCTAAGCGCAACACTTTGACGAAGA
MK_gRNA_EIF4G2_1	TCACAACTACACCAGAAGCCACCTTGTTGGAGTCGGAGCTCTATGGAGGGTTTAAGAGCTAAGCGCAACACTTTGACGAAGA
MK_gRNA_EIF4G2_2	TCACAACTACACCAGAAGCCACCTTGTTGGGTGGCAGCTGCTGAGTTCTGTTTAAGAGCTAAGCGCAACACTTTGACGAAGA
MK_gRNA_ELAVL1_1	TCACAACTACACCAGAAGCCACCTTGTTGGCCTTCGGCGGCGCCCGAcgGTTTAAGAGCTAAGCGCAACACTTTGACGAAGA
MK_gRNA_ELAVL1_2	TCACAACTACACCAGAAGCCACCTTGTTGGCGGGTCGTGCGCGCTGAGGGTTTAAGAGCTAAGCGCAACACTTTGACGAAGA
MK_gRNA_EWSR1_1	TCACAACTACACCAGAAGCCACCTTGTTGGCGTCCACGGGTGAGTATGGGTTTAAGAGCTAAGCGCAACACTTTGACGAAGA
MK_gRNA_EWSR1_2	TCACAACTACACCAGAAGCCACCTTGTTGGGTTCCACCATACTCACCCGGTTTAAGAGCTAAGCGCAACACTTTGACGAAGA
MK_gRNA_FAM120A_1	TCACAACTACACCAGAAGCCACCTTGTTGGGGCCTCGGCCTCgcagcggGTTTAAGAGCTAAGCGCAACACTTTGACGAAGA
MK_gRNA_FAM120A_2	TCACAACTACACCAGAAGCCACCTTGTTGGCCAGGGCCATGTCTGGGGAGTTTAAGAGCTAAGCGCAACACTTTGACGAAGA
MK_gRNA_FASTKD2_1	TCACAACTACACCAGAAGCCACCTTGTTGGCTGCTCCTGTACGTAGTCAGTTTAAGAGCTAAGCGCAACACTTTGACGAAGA
MK_gRNA_FASTKD2_2	TCACAACTACACCAGAAGCCACCTTGTTGGAGGACGAGCTTGGGCTTAGGTTTAAGAGCTAAGCGCAACACTTTGACGAAGA
MK_gRNA_FMR1_1	TCACAACTACACCAGAAGCCACCTTGTTGGCTCAGAGGCGGCCCTCCACGTTTAAGAGCTAAGCGCAACACTTTGACGAAGA
MK_gRNA_FMR1_2	TCACAACTACACCAGAAGCCACCTTGTTGGcggcccgccgccCGCTCAGGTTTAAGAGCTAAGCGCAACACTTTGACGAAGA
MK_gRNA_FTO_1	TCACAACTACACCAGAAGCCACCTTGTTGGCAGCTTGCGGTGGCGAAGGGTTTAAGAGCTAAGCGCAACACTTTGACGAAGA
MK_gRNA_FTO_2	TCACAACTACACCAGAAGCCACCTTGTTGGGTGGCGAAGGCGGCTTTAGGTTTAAGAGCTAAGCGCAACACTTTGACGAAGA
MK_gRNA_FXR1_1	TCACAACTACACCAGAAGCCACCTTGTTGGGAGGTTCGCGGCTCTAACGGTTTAAGAGCTAAGCGCAACACTTTGACGAAGA
MK_gRNA_FXR1_2	TCACAACTACACCAGAAGCCACCTTGTTGGTCCAACATGGCGGAGCTGAGTTTAAGAGCTAAGCGCAACACTTTGACGAAGA
MK_gRNA_FXR2_1	TCACAACTACACCAGAAGCCACCTTGTTGGgcagcggGTCCCGGGACTGGTTTAAGAGCTAAGCGCAACACTTTGACGAAGA
MK_gRNA_FXR2_2	TCACAACTACACCAGAAGCCACCTTGTTGGGCCCCCGGCGTCTCCCCGGGTTTAAGAGCTAAGCGCAACACTTTGACGAAGA
MK_gRNA_GEMIN5_1	TCACAACTACACCAGAAGCCACCTTGTTGGGCGTGAGGCTACGAGCGGTGTTTAAGAGCTAAGCGCAACACTTTGACGAAGA
MK_gRNA_GEMIN5_2	TCACAACTACACCAGAAGCCACCTTGTTGGTAGCCTCACGCCTTAGGTAGTTTAAGAGCTAAGCGCAACACTTTGACGAAGA
MK_gRNA_GPKOW_1	TCACAACTACACCAGAAGCCACCTTGTTGGCCACCGCAGAGATTTCCAAGTTTAAGAGCTAAGCGCAACACTTTGACGAAGA
MK_gRNA_GPKOW_2	TCACAACTACACCAGAAGCCACCTTGTTGGGTGAAGCCGAATGAAATTGGTTTAAGAGCTAAGCGCAACACTTTGACGAAGA
MK_gRNA_GTF2F1_1	TCACAACTACACCAGAAGCCACCTTGTTGGGAGCGAGGACCCCAACCCTGTTTAAGAGCTAAGCGCAACACTTTGACGAAGA
MK_gRNA_GTF2F1_2	TCACAACTACACCAGAAGCCACCTTGTTGGGCCAGAGGCGCCTAGGGTTGTTTAAGAGCTAAGCGCAACACTTTGACGAAGA
MK_gRNA_HNRNPA1_1	TCACAACTACACCAGAAGCCACCTTGTTGGAGAGAGGGCGAAGGTAGGCGTTTAAGAGCTAAGCGCAACACTTTGACGAAGA
MK_gRNA_HNRNPA1_2	TCACAACTACACCAGAAGCCACCTTGTTGGAGGCGGGGTAAAAAAGAGAGTTTAAGAGCTAAGCGCAACACTTTGACGAAGA
MK_gRNA_HNRNPC_1	TCACAACTACACCAGAAGCCACCTTGTTGGGACTAGGCCTTCGCCTCGGGTTTAAGAGCTAAGCGCAACACTTTGACGAAGA
MK_gRNA_HNRNPC_2	TCACAACTACACCAGAAGCCACCTTGTTGGGAGGGCCCGGTTAGTTAGGGTTTAAGAGCTAAGCGCAACACTTTGACGAAGA
MK_gRNA_HNRNPCL1_1	TCACAACTACACCAGAAGCCACCTTGTTGGGAAGAGACGAAGACTGAGCGTTTAAGAGCTAAGCGCAACACTTTGACGAAGA
MK_gRNA_HNRNPH2_1	TCACAACTACACCAGAAGCCACCTTGTTGGACCCCTAAGGGTGACCGTAGTTTAAGAGCTAAGCGCAACACTTTGACGAAGA
MK_gRNA_HNRNPH2_2	TCACAACTACACCAGAAGCCACCTTGTTGGTCAAACGGCTATAGCGAGAGTTTAAGAGCTAAGCGCAACACTTTGACGAAGA
MK_gRNA_HNRNPK_1	TCACAACTACACCAGAAGCCACCTTGTTGGGTCTAGCTCCGACCGGCTGGTTTAAGAGCTAAGCGCAACACTTTGACGAAGA
MK_gRNA_HNRNPK_2	TCACAACTACACCAGAAGCCACCTTGTTGGGCGCGAACGAGAAAGGAGGGTTTAAGAGCTAAGCGCAACACTTTGACGAAGA
MK_gRNA_HNRNPM_1	TCACAACTACACCAGAAGCCACCTTGTTGGGCGACGGAGATCAAAATGGGTTTAAGAGCTAAGCGCAACACTTTGACGAAGA
MK_gRNA_HNRNPM_2	TCACAACTACACCAGAAGCCACCTTGTTGGCCAGACGCGGAGAAAATGGGTTTAAGAGCTAAGCGCAACACTTTGACGAAGA
MK_gRNA_IGF2BP1_1	TCACAACTACACCAGAAGCCACCTTGTTGGGTCCGAAACCCCTCCGAGAGTTTAAGAGCTAAGCGCAACACTTTGACGAAGA
MK_gRNA_IGF2BP1_2	TCACAACTACACCAGAAGCCACCTTGTTGGGGAGGGGTTTCGGACCGAAGTTTAAGAGCTAAGCGCAACACTTTGACGAAGA
MK_gRNA_IGF2BP2_1	TCACAACTACACCAGAAGCCACCTTGTTGGcggaggaggaggagagacgGTTTAAGAGCTAAGCGCAACACTTTGACGAAGA
MK_gRNA_IGF2BP2_2	TCACAACTACACCAGAAGCCACCTTGTTGGTCTCTTCCCCGAGAGCCCGGTTTAAGAGCTAAGCGCAACACTTTGACGAAGA
MK_gRNA_IGF2BP3_1	TCACAACTACACCAGAAGCCACCTTGTTGGCCGCCTCCTCCTAAGACTTGTTTAAGAGCTAAGCGCAACACTTTGACGAAGA
MK_gRNA_IGF2BP3_2	TCACAACTACACCAGAAGCCACCTTGTTGGTAAGACTTAGGAAGACTGGGTTTAAGAGCTAAGCGCAACACTTTGACGAAGA
MK_gRNA_ILF3_1	TCACAACTACACCAGAAGCCACCTTGTTGGGAGGAGGAGTCCGGACCGGGTTTAAGAGCTAAGCGCAACACTTTGACGAAGA
MK_gRNA_ILF3_2	TCACAACTACACCAGAAGCCACCTTGTTGGCCCAACCCAAATGGGAGGGGTTTAAGAGCTAAGCGCAACACTTTGACGAAGA
MK_gRNA_KHDRBS1_1	TCACAACTACACCAGAAGCCACCTTGTTGGTTCTCCGCGGAGAAACCCAGTTTAAGAGCTAAGCGCAACACTTTGACGAAGA
MK_gRNA_KHDRBS1_2	TCACAACTACACCAGAAGCCACCTTGTTGGACCGGCTCATGCGCGCGGCGTTTAAGAGCTAAGCGCAACACTTTGACGAAGA
MK_gRNA_KHDRBS2_1	TCACAACTACACCAGAAGCCACCTTGTTGGCGAGCGAGGGACGACGGAAGTTTAAGAGCTAAGCGCAACACTTTGACGAAGA
MK_gRNA_KHDRBS2_2	TCACAACTACACCAGAAGCCACCTTGTTGGCTGCGCGAGCGAGGGACGAGTTTAAGAGCTAAGCGCAACACTTTGACGAAGA
MK_gRNA_KHSRP_1	TCACAACTACACCAGAAGCCACCTTGTTGGggcggcggcggcTCAACGCGTTTAAGAGCTAAGCGCAACACTTTGACGAAGA
MK_gRNA_KHSRP_2	TCACAACTACACCAGAAGCCACCTTGTTGGGcggcTCAACGCGGGAACAGTTTAAGAGCTAAGCGCAACACTTTGACGAAGA
MK_gRNA_LIN28B_1	TCACAACTACACCAGAAGCCACCTTGTTGGATCACAAATTTAGCTCGCAGTTTAAGAGCTAAGCGCAACACTTTGACGAAGA
MK_gRNA_LIN28B_2	TCACAACTACACCAGAAGCCACCTTGTTGGCCAGCCCCTTAAGGATACGGTTTAAGAGCTAAGCGCAACACTTTGACGAAGA
MK_gRNA_LSM11_1	TCACAACTACACCAGAAGCCACCTTGTTGGCCCGCAAGCCGAGGCCGATGTTTAAGAGCTAAGCGCAACACTTTGACGAAGA
MK_gRNA_LSM11_2	TCACAACTACACCAGAAGCCACCTTGTTGGGAACGAAGCCGCCAGAGGGGTTTAAGAGCTAAGCGCAACACTTTGACGAAGA
MK_gRNA_METAP2_1	TCACAACTACACCAGAAGCCACCTTGTTGGCCTCCGGGAGCCACCTGAAGTTTAAGAGCTAAGCGCAACACTTTGACGAAGA
MK_gRNA_METAP2_2	TCACAACTACACCAGAAGCCACCTTGTTGGGCTCTCTCGGGCAACATGGGTTTAAGAGCTAAGCGCAACACTTTGACGAAGA
MK_gRNA_MSI1_1	TCACAACTACACCAGAAGCCACCTTGTTGGGGGCGCGTCAGTCTCCATCGTTTAAGAGCTAAGCGCAACACTTTGACGAAGA
MK_gRNA_MSI1_2	TCACAACTACACCAGAAGCCACCTTGTTGGgCTCGGCGCGGGGCAGATGGTTTAAGAGCTAAGCGCAACACTTTGACGAAGA
MK_gRNA_MTPAP_1	TCACAACTACACCAGAAGCCACCTTGTTGGACGGAACTACAGGGCAAACGTTTAAGAGCTAAGCGCAACACTTTGACGAAGA
MK_gRNA_MTPAP_2	TCACAACTACACCAGAAGCCACCTTGTTGGCTTCAGGGAGCGTGGAGACGTTTAAGAGCTAAGCGCAACACTTTGACGAAGA
MK_gRNA_NCBP2_1	TCACAACTACACCAGAAGCCACCTTGTTGGAGAGAAGCGGACCACAATGGTTTAAGAGCTAAGCGCAACACTTTGACGAAGA
MK_gRNA_NCBP2_2	TCACAACTACACCAGAAGCCACCTTGTTGGCTGCGCAGCGACTCCTACGGTTTAAGAGCTAAGCGCAACACTTTGACGAAGA
MK_gRNA_NONO_1	TCACAACTACACCAGAAGCCACCTTGTTGGGGCAGAGACAAGGCCTCAAGTTTAAGAGCTAAGCGCAACACTTTGACGAAGA
MK_gRNA_NONO_2	TCACAACTACACCAGAAGCCACCTTGTTGGGCTAGGGCGAAGCTAGGTTGTTTAAGAGCTAAGCGCAACACTTTGACGAAGA
MK_gRNA_PABPC1_1	TCACAACTACACCAGAAGCCACCTTGTTGGACTAACCGCCGGGGAGAAGGTTTAAGAGCTAAGCGCAACACTTTGACGAAGA
MK_gRNA_PABPC1_2	TCACAACTACACCAGAAGCCACCTTGTTGGCTCTCAGCACTAACCGCCGGTTTAAGAGCTAAGCGCAACACTTTGACGAAGA
MK_gRNA_PABPC3_1	TCACAACTACACCAGAAGCCACCTTGTTGGCTCTACTCCTGTAACGGAAGTTTAAGAGCTAAGCGCAACACTTTGACGAAGA
MK_gRNA_PABPC3_2	TCACAACTACACCAGAAGCCACCTTGTTGGAGCACCCCCAGCTACCCAAGTTTAAGAGCTAAGCGCAACACTTTGACGAAGA
MK_gRNA_PABPC4_1	TCACAACTACACCAGAAGCCACCTTGTTGGAGGCTGCGAAGCCCGAAAGGTTTAAGAGCTAAGCGCAACACTTTGACGAAGA
MK_gRNA_PABPC4_2	TCACAACTACACCAGAAGCCACCTTGTTGGAGGCGGCAGCGACCCGGGGGTTTAAGAGCTAAGCGCAACACTTTGACGAAGA
MK_gRNA_PABPN1_1	TCACAACTACACCAGAAGCCACCTTGTTGGgccatcgccgcTCAGACTGGTTTAAGAGCTAAGCGCAACACTTTGACGAAGA
MK_gRNA_PCBP1_1	TCACAACTACACCAGAAGCCACCTTGTTGGGGGAGTTGGGCTCGTTACGGTTTAAGAGCTAAGCGCAACACTTTGACGAAGA
MK_gRNA_PCBP1_2	TCACAACTACACCAGAAGCCACCTTGTTGGggcgCGGCGGTGGCGACTCGTTTAAGAGCTAAGCGCAACACTTTGACGAAGA
MK_gRNA_PRPF8_1	TCACAACTACACCAGAAGCCACCTTGTTGGACTCGGGTTGCGCACTTCCGTTTAAGAGCTAAGCGCAACACTTTGACGAAGA
MK_gRNA_PRPF8_2	TCACAACTACACCAGAAGCCACCTTGTTGGTCGGGCCGAGTGACCGAAGGTTTAAGAGCTAAGCGCAACACTTTGACGAAGA
MK_gRNA_PTBP1_1	TCACAACTACACCAGAAGCCACCTTGTTGGTCTATAACTCGGAGCCGTTGTTTAAGAGCTAAGCGCAACACTTTGACGAAGA
MK_gRNA_PTBP1_2	TCACAACTACACCAGAAGCCACCTTGTTGGAGACCCGCGGGGGACGGAGGTTTAAGAGCTAAGCGCAACACTTTGACGAAGA
MK_gRNA_PUM2_1	TCACAACTACACCAGAAGCCACCTTGTTGGcGAACCACCGAAGTACCGAGTTTAAGAGCTAAGCGCAACACTTTGACGAAGA
MK_gRNA_PUM2_2	TCACAACTACACCAGAAGCCACCTTGTTGGTCGGTGGTTCggaggaggaGTTTAAGAGCTAAGCGCAACACTTTGACGAAGA
MK_gRNA_QKI_1	TCACAACTACACCAGAAGCCACCTTGTTGGgagCGCAGTCGGAGCGCGGGTTTAAGAGCTAAGCGCAACACTTTGACGAAGA
MK_gRNA_QKI_2	TCACAACTACACCAGAAGCCACCTTGTTGGTCTGGGCTGGTCCCCGCCGGTTTAAGAGCTAAGCGCAACACTTTGACGAAGA
MK_gRNA_RALY_1	TCACAACTACACCAGAAGCCACCTTGTTGGTCCCAGGAGACAGAGAAGGGTTTAAGAGCTAAGCGCAACACTTTGACGAAGA
MK_gRNA_RALY_2	TCACAACTACACCAGAAGCCACCTTGTTGGCGCCCCGCCGCACTGACAGGTTTAAGAGCTAAGCGCAACACTTTGACGAAGA
MK_gRNA_RBFOX1_1	TCACAACTACACCAGAAGCCACCTTGTTGGGAGCTGCCGGTACAATCATGTTTAAGAGCTAAGCGCAACACTTTGACGAAGA
MK_gRNA_RBFOX2_1	TCACAACTACACCAGAAGCCACCTTGTTGGACGCCGGCCGAGGGAGGAAGTTTAAGAGCTAAGCGCAACACTTTGACGAAGA
MK_gRNA_RBFOX2_2	TCACAACTACACCAGAAGCCACCTTGTTGGGTGAGCCAGCGCGGCCGGTGTTTAAGAGCTAAGCGCAACACTTTGACGAAGA
MK_gRNA_RBM15_1	TCACAACTACACCAGAAGCCACCTTGTTGGGTGTGAAACGAGCGCGGGGGTTTAAGAGCTAAGCGCAACACTTTGACGAAGA
MK_gRNA_RBM15_2	TCACAACTACACCAGAAGCCACCTTGTTGGGCCATCTTGGACTCCGCCGGTTTAAGAGCTAAGCGCAACACTTTGACGAAGA
MK_gRNA_RBM22_1	TCACAACTACACCAGAAGCCACCTTGTTGGTAGCTGTAGCTTCCGAATTGTTTAAGAGCTAAGCGCAACACTTTGACGAAGA
MK_gRNA_RBM22_2	TCACAACTACACCAGAAGCCACCTTGTTGGAGCTTCCGAATTGGGAGAGGTTTAAGAGCTAAGCGCAACACTTTGACGAAGA
MK_gRNA_RBM27_1	TCACAACTACACCAGAAGCCACCTTGTTGGGCTGTGAAGGGAACGTGAGGTTTAAGAGCTAAGCGCAACACTTTGACGAAGA
MK_gRNA_RBM27_2	TCACAACTACACCAGAAGCCACCTTGTTGGCAGGCCTGAAGAAGAGCGGGTTTAAGAGCTAAGCGCAACACTTTGACGAAGA
MK_gRNA_RBM4_1	TCACAACTACACCAGAAGCCACCTTGTTGGCGGTCGCCAGCCATTCCTGGTTTAAGAGCTAAGCGCAACACTTTGACGAAGA
MK_gRNA_RBM4_2	TCACAACTACACCAGAAGCCACCTTGTTGGGGCAAGACGTCCGAACGACGTTTAAGAGCTAAGCGCAACACTTTGACGAAGA
MK_gRNA_RBM42_1	TCACAACTACACCAGAAGCCACCTTGTTGGGAGCCCACCCGGACGAAGGGTTTAAGAGCTAAGCGCAACACTTTGACGAAGA
MK_gRNA_RBM42_2	TCACAACTACACCAGAAGCCACCTTGTTGGTCATCCTCGGGAGCCCACCGTTTAAGAGCTAAGCGCAACACTTTGACGAAGA
MK_gRNA_RBM45_1	TCACAACTACACCAGAAGCCACCTTGTTGGGGGTGTGAGACAGCAGCGGGTTTAAGAGCTAAGCGCAACACTTTGACGAAGA
MK_gRNA_RBM45_2	TCACAACTACACCAGAAGCCACCTTGTTGGGCAGAAGCAAAGAGCAGTGGTTTAAGAGCTAAGCGCAACACTTTGACGAAGA
MK_gRNA_RBMS1_1	TCACAACTACACCAGAAGCCACCTTGTTGGGTGCGCCCGATGTGGAGAGGTTTAAGAGCTAAGCGCAACACTTTGACGAAGA
MK_gRNA_RBMS1_2	TCACAACTACACCAGAAGCCACCTTGTTGGTGGTGCCAGGCGGCATCTGGTTTAAGAGCTAAGCGCAACACTTTGACGAAGA
MK_gRNA_SAFB2_1	TCACAACTACACCAGAAGCCACCTTGTTGGCGGTGTGCGACTGAGTCGGGTTTAAGAGCTAAGCGCAACACTTTGACGAAGA
MK_gRNA_SAFB2_2	TCACAACTACACCAGAAGCCACCTTGTTGGCGGCGGTGTGCGACTGAGTGTTTAAGAGCTAAGCGCAACACTTTGACGAAGA
MK_gRNA_SART3_1	TCACAACTACACCAGAAGCCACCTTGTTGGGCGACTGCGGCCGAAACCTGTTTAAGAGCTAAGCGCAACACTTTGACGAAGA
MK_gRNA_SART3_2	TCACAACTACACCAGAAGCCACCTTGTTGGGAACCCGAGGCTGAGTCCAGTTTAAGAGCTAAGCGCAACACTTTGACGAAGA
MK_gRNA_SERBP1_1	TCACAACTACACCAGAAGCCACCTTGTTGGTCGGCGGCGCGTTCCTCCAGTTTAAGAGCTAAGCGCAACACTTTGACGAAGA
MK_gRNA_SERBP1_2	TCACAACTACACCAGAAGCCACCTTGTTGGTGGCCGGGCCGAGAGAGGGGTTTAAGAGCTAAGCGCAACACTTTGACGAAGA
MK_gRNA_SF3B1_1	TCACAACTACACCAGAAGCCACCTTGTTGGAGGCCACTGCCCCGCGTAAGTTTAAGAGCTAAGCGCAACACTTTGACGAAGA
MK_gRNA_SF3B1_2	TCACAACTACACCAGAAGCCACCTTGTTGGGCGACGAGCGGAAGTTCTTGTTTAAGAGCTAAGCGCAACACTTTGACGAAGA
MK_gRNA_SF3B4_1	TCACAACTACACCAGAAGCCACCTTGTTGGCGATCTCCGAGCGGAATCAGTTTAAGAGCTAAGCGCAACACTTTGACGAAGA
MK_gRNA_SF3B4_2	TCACAACTACACCAGAAGCCACCTTGTTGGACCGCTGCTGGGAGACGGCGTTTAAGAGCTAAGCGCAACACTTTGACGAAGA
MK_gRNA_SLTM_1	TCACAACTACACCAGAAGCCACCTTGTTGGGCTGCCACCGCACCGGTAGGTTTAAGAGCTAAGCGCAACACTTTGACGAAGA
MK_gRNA_SLTM_2	TCACAACTACACCAGAAGCCACCTTGTTGGGCCGAGGCTGCCACCGCACGTTTAAGAGCTAAGCGCAACACTTTGACGAAGA
MK_gRNA_SMNDC1_1	TCACAACTACACCAGAAGCCACCTTGTTGGCGACGACAGCAAGGCGACCGTTTAAGAGCTAAGCGCAACACTTTGACGAAGA
MK_gRNA_SMNDC1_2	TCACAACTACACCAGAAGCCACCTTGTTGGAACTCGGTCGGCGGCGAGGGTTTAAGAGCTAAGCGCAACACTTTGACGAAGA
MK_gRNA_SND1_1	TCACAACTACACCAGAAGCCACCTTGTTGGGTAGAACGTGTGGCGGCGGGTTTAAGAGCTAAGCGCAACACTTTGACGAAGA
MK_gRNA_SND1_2	TCACAACTACACCAGAAGCCACCTTGTTGGGCGCGGCGAGTAGAACGTGGTTTAAGAGCTAAGCGCAACACTTTGACGAAGA
MK_gRNA_SRSF1_1	TCACAACTACACCAGAAGCCACCTTGTTGGGCTCGGCGCACGGATATGGGTTTAAGAGCTAAGCGCAACACTTTGACGAAGA
MK_gRNA_SRSF1_2	TCACAACTACACCAGAAGCCACCTTGTTGGGGAGACGTGGTGCCGCTGCGTTTAAGAGCTAAGCGCAACACTTTGACGAAGA
MK_gRNA_SRSF10_1	TCACAACTACACCAGAAGCCACCTTGTTGGCTCGGCCGGGCGCACTAACGTTTAAGAGCTAAGCGCAACACTTTGACGAAGA
MK_gRNA_SRSF10_2	TCACAACTACACCAGAAGCCACCTTGTTGGAAACCGTCCGCGGCTCAGGGTTTAAGAGCTAAGCGCAACACTTTGACGAAGA
MK_gRNA_SRSF7_1	TCACAACTACACCAGAAGCCACCTTGTTGGCGGGACTCTTGGCGGGTGAGTTTAAGAGCTAAGCGCAACACTTTGACGAAGA
MK_gRNA_SRSF7_2	TCACAACTACACCAGAAGCCACCTTGTTGGTGCCGCCGGGACTCTTGGCGTTTAAGAGCTAAGCGCAACACTTTGACGAAGA
MK_gRNA_SRSF9_1	TCACAACTACACCAGAAGCCACCTTGTTGGAACGCGGAGCGGAAGCGAAGTTTAAGAGCTAAGCGCAACACTTTGACGAAGA
MK_gRNA_SRSF9_2	TCACAACTACACCAGAAGCCACCTTGTTGGAGGGGTCGGCGGAGGCAAAGTTTAAGAGCTAAGCGCAACACTTTGACGAAGA
MK_gRNA_TAF15_1	TCACAACTACACCAGAAGCCACCTTGTTGGGGCGGCCGGAGCTGTACTGGTTTAAGAGCTAAGCGCAACACTTTGACGAAGA
MK_gRNA_TAF15_2	TCACAACTACACCAGAAGCCACCTTGTTGGACCTACCCGACATGACTAAGTTTAAGAGCTAAGCGCAACACTTTGACGAAGA
MK_gRNA_TARDBP_1	TCACAACTACACCAGAAGCCACCTTGTTGGGGAAGTCAGCCGTGAGACCGTTTAAGAGCTAAGCGCAACACTTTGACGAAGA
MK_gRNA_TARDBP_2	TCACAACTACACCAGAAGCCACCTTGTTGGCGGCCTAGCGGGTGAGTCGGTTTAAGAGCTAAGCGCAACACTTTGACGAAGA
MK_gRNA_TBRG4_1	TCACAACTACACCAGAAGCCACCTTGTTGGGGCGGCGGATGGAGGTCAGGTTTAAGAGCTAAGCGCAACACTTTGACGAAGA
MK_gRNA_TBRG4_2	TCACAACTACACCAGAAGCCACCTTGTTGGGTTCCGGGGACAGTTAGGGGTTTAAGAGCTAAGCGCAACACTTTGACGAAGA
MK_gRNA_TIA1_1	TCACAACTACACCAGAAGCCACCTTGTTGGTAATTGCCGCCGGAGGAGGGTTTAAGAGCTAAGCGCAACACTTTGACGAAGA
MK_gRNA_TIA1_2	TCACAACTACACCAGAAGCCACCTTGTTGGAAACCCCAATACAAGATGGGTTTAAGAGCTAAGCGCAACACTTTGACGAAGA
MK_gRNA_TNRC6A_1	TCACAACTACACCAGAAGCCACCTTGTTGGagcggGTCGGTGTAGAAAAGTTTAAGAGCTAAGCGCAACACTTTGACGAAGA
MK_gRNA_TNRC6A_2	TCACAACTACACCAGAAGCCACCTTGTTGGCCGCAGGGCCCGCAACCCgGTTTAAGAGCTAAGCGCAACACTTTGACGAAGA
MK_gRNA_TRA2A_1	TCACAACTACACCAGAAGCCACCTTGTTGGACCCGCTGACTGGACCGTGGTTTAAGAGCTAAGCGCAACACTTTGACGAAGA
MK_gRNA_TRA2A_2	TCACAACTACACCAGAAGCCACCTTGTTGGGCTGGAGCCTGCGACCGAGGTTTAAGAGCTAAGCGCAACACTTTGACGAAGA
MK_gRNA_U2AF1_1	TCACAACTACACCAGAAGCCACCTTGTTGGtcggcagggtcggcggcgtGTTTAAGAGCTAAGCGCAACACTTTGACGAAGA
MK_gRNA_U2AF1_2	TCACAACTACACCAGAAGCCACCTTGTTGGgcgtcggcagcagtgtcgaGTTTAAGAGCTAAGCGCAACACTTTGACGAAGA
MK_gRNA_U2AF2_1	TCACAACTACACCAGAAGCCACCTTGTTGGCATGCTGAGGCGGCCGCGTGTTTAAGAGCTAAGCGCAACACTTTGACGAAGA
MK_gRNA_U2AF2_2	TCACAACTACACCAGAAGCCACCTTGTTGGTGAGGCCTTCACGAAGCGGGTTTAAGAGCTAAGCGCAACACTTTGACGAAGA
MK_gRNA_UCHL5_1	TCACAACTACACCAGAAGCCACCTTGTTGGGACGTGTGGTTGACGAGCTGTTTAAGAGCTAAGCGCAACACTTTGACGAAGA
MK_gRNA_UCHL5_2	TCACAACTACACCAGAAGCCACCTTGTTGGCCGGCGGCAGCTGGTGCGGGTTTAAGAGCTAAGCGCAACACTTTGACGAAGA
MK_gRNA_UPF1_1	TCACAACTACACCAGAAGCCACCTTGTTGGgagcggctggcggcttcgaGTTTAAGAGCTAAGCGCAACACTTTGACGAAGA
MK_gRNA_UPF1_2	TCACAACTACACCAGAAGCCACCTTGTTGGttcgaggggagctgaggcgGTTTAAGAGCTAAGCGCAACACTTTGACGAAGA
MK_gRNA_XRCC6_1	TCACAACTACACCAGAAGCCACCTTGTTGGATAACGGCCCGCTTACCTTGTTTAAGAGCTAAGCGCAACACTTTGACGAAGA
MK_gRNA_XRCC6_2	TCACAACTACACCAGAAGCCACCTTGTTGGCCCGCTTACCTTTGGCGCAGTTTAAGAGCTAAGCGCAACACTTTGACGAAGA
MK_gRNA_XRN2_1	TCACAACTACACCAGAAGCCACCTTGTTGGAACGCCGGGACTCCCATAGGTTTAAGAGCTAAGCGCAACACTTTGACGAAGA
MK_gRNA_XRN2_2	TCACAACTACACCAGAAGCCACCTTGTTGGGGACTCCCATAGCGGCACAGTTTAAGAGCTAAGCGCAACACTTTGACGAAGA
MK_gRNA_YBX1_1	TCACAACTACACCAGAAGCCACCTTGTTGGTCGAACTAGCGAGAATGGCGTTTAAGAGCTAAGCGCAACACTTTGACGAAGA
MK_gRNA_YBX1_2	TCACAACTACACCAGAAGCCACCTTGTTGGCTAGCGAGAATGGCGGGACGTTTAAGAGCTAAGCGCAACACTTTGACGAAGA
MK_gRNA_YBX3_1	TCACAACTACACCAGAAGCCACCTTGTTGGGCACCGGCCCGGGAGGGAAGTTTAAGAGCTAAGCGCAACACTTTGACGAAGA
MK_gRNA_YBX3_2	TCACAACTACACCAGAAGCCACCTTGTTGGGGCTGGGCCCGCCCCACTAGTTTAAGAGCTAAGCGCAACACTTTGACGAAGA
MK_gRNA_ZC3H10_1	TCACAACTACACCAGAAGCCACCTTGTTGGGCGGCAGCAGCAACTACGGGTTTAAGAGCTAAGCGCAACACTTTGACGAAGA
MK_gRNA_ZC3H10_2	TCACAACTACACCAGAAGCCACCTTGTTGGTGAGGGAGGCGGGAGACTTGTTTAAGAGCTAAGCGCAACACTTTGACGAAGA
MK_gRNA_ZNF622_1	TCACAACTACACCAGAAGCCACCTTGTTGGCGTGTCGAGTGGCTCTTCCGTTTAAGAGCTAAGCGCAACACTTTGACGAAGA
MK_gRNA_ZNF622_2	TCACAACTACACCAGAAGCCACCTTGTTGGAAGCCCTCGGCGGTCACTGGTTTAAGAGCTAAGCGCAACACTTTGACGAAGA
MK_gRNA_ZRANB2_1	TCACAACTACACCAGAAGCCACCTTGTTGGCCCGCAGCTATGTCTTCACGTTTAAGAGCTAAGCGCAACACTTTGACGAAGA
MK_gRNA_ZRANB2_2	TCACAACTACACCAGAAGCCACCTTGTTGGGCCGCCTCAACCCGTCTTAGTTTAAGAGCTAAGCGCAACACTTTGACGAAGA
