JY_L01_1_CEP89,ATTTTGCCCCTGGTTCTTCCACCTTGTTGGCGCCGCGCGTGGGGCTCTGgtttaagaGCTAAGCTGCCAGTTCATTTCTTAGGG
JY_L01_2_CEP89,ATTTTGCCCCTGGTTCTTCCACCTTGTTGGTTGGCCTGAGATCCAGTCAgtttaagaGCTAAGCTGCCAGTTCATTTCTTAGGG
JY_L01_3_CEP89,ATTTTGCCCCTGGTTCTTCCACCTTGTTGGCAGCGCGAGGAGAATGGACgtttaagaGCTAAGCTGCCAGTTCATTTCTTAGGG
JY_L01_4_CHFR,ATTTTGCCCCTGGTTCTTCCACCTTGTTGGTGTCTCTTGACAGCGGCGGgtttaagaGCTAAGCTGCCAGTTCATTTCTTAGGG
JY_L01_5_CHFR,ATTTTGCCCCTGGTTCTTCCACCTTGTTGGTGGAGACTCCCGACCCCAGgtttaagaGCTAAGCTGCCAGTTCATTTCTTAGGG
JY_L01_6_CHFR,ATTTTGCCCCTGGTTCTTCCACCTTGTTGGCCGCAATGTCTCTTGACAGgtttaagaGCTAAGCTGCCAGTTCATTTCTTAGGG
JY_L01_7_CKMT1A,ATTTTGCCCCTGGTTCTTCCACCTTGTTGGCTTAAACCGAGGGGTGTGGgtttaagaGCTAAGCTGCCAGTTCATTTCTTAGGG
JY_L01_8_CKMT1A,ATTTTGCCCCTGGTTCTTCCACCTTGTTGGTCACCCTTGCACACCCACAgtttaagaGCTAAGCTGCCAGTTCATTTCTTAGGG
JY_L01_9_CKMT1A,ATTTTGCCCCTGGTTCTTCCACCTTGTTGGTGCACACCCACAGGGTAGAgtttaagaGCTAAGCTGCCAGTTCATTTCTTAGGG
JY_L01_10_CKMT1A,ATTTTGCCCCTGGTTCTTCCACCTTGTTGGAGAGAAGCCAAGGGAGAGGgtttaagaGCTAAGCTGCCAGTTCATTTCTTAGGG
JY_L01_11_CKMT1A,ATTTTGCCCCTGGTTCTTCCACCTTGTTGGCTACGGAGAGAGAAGCCAAgtttaagaGCTAAGCTGCCAGTTCATTTCTTAGGG
JY_L01_12_CKMT1A,ATTTTGCCCCTGGTTCTTCCACCTTGTTGGTGGAGGAGAAGGTAAAGTGgtttaagaGCTAAGCTGCCAGTTCATTTCTTAGGG
JY_L01_13_COQ6,ATTTTGCCCCTGGTTCTTCCACCTTGTTGGTGTCGGGTGGAGGCCTGGTgtttaagaGCTAAGCTGCCAGTTCATTTCTTAGGG
JY_L01_14_COQ6,ATTTTGCCCCTGGTTCTTCCACCTTGTTGGCTACTAGTGGCCGGAAACCgtttaagaGCTAAGCTGCCAGTTCATTTCTTAGGG
JY_L01_15_COQ6,ATTTTGCCCCTGGTTCTTCCACCTTGTTGGACGGCGCAGGTCTGCACCAgtttaagaGCTAAGCTGCCAGTTCATTTCTTAGGG
JY_L01_16_COX7C,ATTTTGCCCCTGGTTCTTCCACCTTGTTGGATGAGGACAGATGAAATGGgtttaagaGCTAAGCTGCCAGTTCATTTCTTAGGG
JY_L01_17_COX7C,ATTTTGCCCCTGGTTCTTCCACCTTGTTGGCTGGGAAGGTTAGTGTGTAgtttaagaGCTAAGCTGCCAGTTCATTTCTTAGGG
JY_L01_18_COX7C,ATTTTGCCCCTGGTTCTTCCACCTTGTTGGAACAAGGTCGTGAAAAAAAgtttaagaGCTAAGCTGCCAGTTCATTTCTTAGGG
JY_L01_19_CTSZ,ATTTTGCCCCTGGTTCTTCCACCTTGTTGGcccgctctggatcccgcccgtttaagaGCTAAGCTGCCAGTTCATTTCTTAGGG
JY_L01_20_CTSZ,ATTTTGCCCCTGGTTCTTCCACCTTGTTGGCTGTCCCCGGCGGAAGTAGgtttaagaGCTAAGCTGCCAGTTCATTTCTTAGGG
JY_L01_21_CTSZ,ATTTTGCCCCTGGTTCTTCCACCTTGTTGGggcaggggcccaaagtgcggtttaagaGCTAAGCTGCCAGTTCATTTCTTAGGG
JY_L01_22_CTU1,ATTTTGCCCCTGGTTCTTCCACCTTGTTGGGGGCCAGGCTTCCGCGTGGgtttaagaGCTAAGCTGCCAGTTCATTTCTTAGGG
JY_L01_23_CTU1,ATTTTGCCCCTGGTTCTTCCACCTTGTTGGCAGGAGGAAATACTCACCCgtttaagaGCTAAGCTGCCAGTTCATTTCTTAGGG
JY_L01_24_CTU1,ATTTTGCCCCTGGTTCTTCCACCTTGTTGGGAGTGGCCCGGTAAGAGACgtttaagaGCTAAGCTGCCAGTTCATTTCTTAGGG
JY_L01_25_DFFB,ATTTTGCCCCTGGTTCTTCCACCTTGTTGGGTCCTCGCCCTGGCCGCAGgtttaagaGCTAAGCTGCCAGTTCATTTCTTAGGG
JY_L01_26_DFFB,ATTTTGCCCCTGGTTCTTCCACCTTGTTGGACCCTGAGGGCCAGAGTAGgtttaagaGCTAAGCTGCCAGTTCATTTCTTAGGG
JY_L01_27_DFFB,ATTTTGCCCCTGGTTCTTCCACCTTGTTGGCCCAGCGGGCACCTGGAAGgtttaagaGCTAAGCTGCCAGTTCATTTCTTAGGG
JY_L01_28_DOCK11,ATTTTGCCCCTGGTTCTTCCACCTTGTTGGCGGCCACATCGCAGCTCGGgtttaagaGCTAAGCTGCCAGTTCATTTCTTAGGG
JY_L01_29_DOCK11,ATTTTGCCCCTGGTTCTTCCACCTTGTTGGCCGCCGCCGAGCTGCGATGgtttaagaGCTAAGCTGCCAGTTCATTTCTTAGGG
JY_L01_30_DOCK11,ATTTTGCCCCTGGTTCTTCCACCTTGTTGGGACTCACTgccccggcccggtttaagaGCTAAGCTGCCAGTTCATTTCTTAGGG
JY_L01_31_EFCAB11,ATTTTGCCCCTGGTTCTTCCACCTTGTTGGAGCCAGGCTGGGAAAGCGGgtttaagaGCTAAGCTGCCAGTTCATTTCTTAGGG
JY_L01_32_EFCAB11,ATTTTGCCCCTGGTTCTTCCACCTTGTTGGCAGAGTGAGACCCAGACACgtttaagaGCTAAGCTGCCAGTTCATTTCTTAGGG
JY_L01_33_EFCAB11,ATTTTGCCCCTGGTTCTTCCACCTTGTTGGTGAGACCCAGACACGGGAGgtttaagaGCTAAGCTGCCAGTTCATTTCTTAGGG
JY_L01_34_EHD4,ATTTTGCCCCTGGTTCTTCCACCTTGTTGGAGCCGGGGAGAGTCGAACCgtttaagaGCTAAGCTGCCAGTTCATTTCTTAGGG
JY_L01_35_EHD4,ATTTTGCCCCTGGTTCTTCCACCTTGTTGGCTCCGGGTTCGACTCTCCCgtttaagaGCTAAGCTGCCAGTTCATTTCTTAGGG
JY_L01_36_EHD4,ATTTTGCCCCTGGTTCTTCCACCTTGTTGGggcggcTCAGTGCGAGCCGgtttaagaGCTAAGCTGCCAGTTCATTTCTTAGGG
JY_L01_37_ELF3,ATTTTGCCCCTGGTTCTTCCACCTTGTTGGGAGTGGCGGAGTCCGGCTGgtttaagaGCTAAGCTGCCAGTTCATTTCTTAGGG
JY_L01_38_ELF3,ATTTTGCCCCTGGTTCTTCCACCTTGTTGGGCGGGGAATCCTACCGGAGgtttaagaGCTAAGCTGCCAGTTCATTTCTTAGGG
JY_L01_39_ELF3,ATTTTGCCCCTGGTTCTTCCACCTTGTTGGGATCTCCGAGCAAGAGCGTgtttaagaGCTAAGCTGCCAGTTCATTTCTTAGGG
JY_L01_40_EP400,ATTTTGCCCCTGGTTCTTCCACCTTGTTGGACGGCAGCGTCCAGGGTCCgtttaagaGCTAAGCTGCCAGTTCATTTCTTAGGG
JY_L01_41_EP400,ATTTTGCCCCTGGTTCTTCCACCTTGTTGGTGAGGCCCAGGGTAAGTGAgtttaagaGCTAAGCTGCCAGTTCATTTCTTAGGG
JY_L01_42_EP400,ATTTTGCCCCTGGTTCTTCCACCTTGTTGGCGCTCCGGCCGCGTCAGGAgtttaagaGCTAAGCTGCCAGTTCATTTCTTAGGG
JY_L01_43_EPCAM,ATTTTGCCCCTGGTTCTTCCACCTTGTTGGtcgggaggacagcgacgaggtttaagaGCTAAGCTGCCAGTTCATTTCTTAGGG
JY_L01_44_EPCAM,ATTTTGCCCCTGGTTCTTCCACCTTGTTGGTCGTTGATGAGTCACCGCCgtttaagaGCTAAGCTGCCAGTTCATTTCTTAGGG
JY_L01_45_EPCAM,ATTTTGCCCCTGGTTCTTCCACCTTGTTGGGCGCGCGCGCCGAGAAGAggtttaagaGCTAAGCTGCCAGTTCATTTCTTAGGG
JY_L01_46_EPHB3,ATTTTGCCCCTGGTTCTTCCACCTTGTTGGGCAGAAGTGAGTACGTGAGgtttaagaGCTAAGCTGCCAGTTCATTTCTTAGGG
JY_L01_47_EPHB3,ATTTTGCCCCTGGTTCTTCCACCTTGTTGGCTGGGATCCGGGGCTTCGGgtttaagaGCTAAGCTGCCAGTTCATTTCTTAGGG
JY_L01_48_EPHB3,ATTTTGCCCCTGGTTCTTCCACCTTGTTGGGTCAGCTGCGGGCCCGACTgtttaagaGCTAAGCTGCCAGTTCATTTCTTAGGG
JY_L01_49_FBXO36,ATTTTGCCCCTGGTTCTTCCACCTTGTTGGGCGTCCCAAGATGGCGTCGgtttaagaGCTAAGCTGCCAGTTCATTTCTTAGGG
JY_L01_50_FBXO36,ATTTTGCCCCTGGTTCTTCCACCTTGTTGGCGGCGGTGGCGTCCCAAGAgtttaagaGCTAAGCTGCCAGTTCATTTCTTAGGG
JY_L01_51_FBXO36,ATTTTGCCCCTGGTTCTTCCACCTTGTTGGCAGTTTCAAAGAGAGTCTCgtttaagaGCTAAGCTGCCAGTTCATTTCTTAGGG
JY_L01_52_FKBP1A,ATTTTGCCCCTGGTTCTTCCACCTTGTTGGGGCGACGCGCCGAGGTACTgtttaagaGCTAAGCTGCCAGTTCATTTCTTAGGG
JY_L01_53_FKBP1A,ATTTTGCCCCTGGTTCTTCCACCTTGTTGGACGGCTCTGCCTAGTACCTgtttaagaGCTAAGCTGCCAGTTCATTTCTTAGGG
JY_L01_54_FKBP1A,ATTTTGCCCCTGGTTCTTCCACCTTGTTGGCCCAGGAGACGGTGAGTAGgtttaagaGCTAAGCTGCCAGTTCATTTCTTAGGG
JY_L01_55_FLNB,ATTTTGCCCCTGGTTCTTCCACCTTGTTGGCGCAGAGCAGCACCGGCCGgtttaagaGCTAAGCTGCCAGTTCATTTCTTAGGG
JY_L01_56_FLNB,ATTTTGCCCCTGGTTCTTCCACCTTGTTGGGGCGGCCGCAGAGCAGCACgtttaagaGCTAAGCTGCCAGTTCATTTCTTAGGG
JY_L01_57_FLNB,ATTTTGCCCCTGGTTCTTCCACCTTGTTGGGCAGCACCGGCCGTGGCTCgtttaagaGCTAAGCTGCCAGTTCATTTCTTAGGG
JY_L01_58_FN1,ATTTTGCCCCTGGTTCTTCCACCTTGTTGGGGGGAGGAGAGGGAACCCCgtttaagaGCTAAGCTGCCAGTTCATTTCTTAGGG
JY_L01_59_FN1,ATTTTGCCCCTGGTTCTTCCACCTTGTTGGCCAGGCGCGAGCGGGAAGAgtttaagaGCTAAGCTGCCAGTTCATTTCTTAGGG
JY_L01_60_FN1,ATTTTGCCCCTGGTTCTTCCACCTTGTTGGGCCGGCTGTGCTGCACAGGgtttaagaGCTAAGCTGCCAGTTCATTTCTTAGGG
JY_L01_61_FOXN3,ATTTTGCCCCTGGTTCTTCCACCTTGTTGGCAGATCGCGGCCGGAACCCgtttaagaGCTAAGCTGCCAGTTCATTTCTTAGGG
JY_L01_62_FOXN3,ATTTTGCCCCTGGTTCTTCCACCTTGTTGGCTGCAGCTCGGCCGGGAGAgtttaagaGCTAAGCTGCCAGTTCATTTCTTAGGG
JY_L01_63_FOXN3,ATTTTGCCCCTGGTTCTTCCACCTTGTTGGGCCGGGAGACGGCGCGACCgtttaagaGCTAAGCTGCCAGTTCATTTCTTAGGG
JY_L01_64_FOXP1,ATTTTGCCCCTGGTTCTTCCACCTTGTTGGACCCCGCTGGGCACTCCAGgtttaagaGCTAAGCTGCCAGTTCATTTCTTAGGG
JY_L01_65_FOXP1,ATTTTGCCCCTGGTTCTTCCACCTTGTTGGCCGGGAAGCTAGTCCGGAGgtttaagaGCTAAGCTGCCAGTTCATTTCTTAGGG
JY_L01_66_FOXP1,ATTTTGCCCCTGGTTCTTCCACCTTGTTGGCCCCGGCGAACGGCAAAGAgtttaagaGCTAAGCTGCCAGTTCATTTCTTAGGG
JY_L01_67_FOXP1,ATTTTGCCCCTGGTTCTTCCACCTTGTTGGGGCGACTCCTGCTGCACAGgtttaagaGCTAAGCTGCCAGTTCATTTCTTAGGG
JY_L01_68_FOXP1,ATTTTGCCCCTGGTTCTTCCACCTTGTTGGCAGGTGGCTAACCAGGGCTgtttaagaGCTAAGCTGCCAGTTCATTTCTTAGGG
JY_L01_69_FOXP1,ATTTTGCCCCTGGTTCTTCCACCTTGTTGGCCGGGAAGCTAGTCCGGAGgtttaagaGCTAAGCTGCCAGTTCATTTCTTAGGG
JY_L01_70_FOXP1,ATTTTGCCCCTGGTTCTTCCACCTTGTTGGGGAGCCCAGCCAgcgccgggtttaagaGCTAAGCTGCCAGTTCATTTCTTAGGG
JY_L01_71_FOXP1,ATTTTGCCCCTGGTTCTTCCACCTTGTTGGGGAAGCTAGTCCGGAGCGGgtttaagaGCTAAGCTGCCAGTTCATTTCTTAGGG
JY_L01_72_FOXP1,ATTTTGCCCCTGGTTCTTCCACCTTGTTGGGCAGAAGCGAGAGTTCCGTgtttaagaGCTAAGCTGCCAGTTCATTTCTTAGGG
JY_L01_73_GGNBP2,ATTTTGCCCCTGGTTCTTCCACCTTGTTGGAGCGGCTGACTGCCCGTAGgtttaagaGCTAAGCTGCCAGTTCATTTCTTAGGG
JY_L01_74_GGNBP2,ATTTTGCCCCTGGTTCTTCCACCTTGTTGGGCCTCGTCAGCCAGTAACAgtttaagaGCTAAGCTGCCAGTTCATTTCTTAGGG
JY_L01_75_GGNBP2,ATTTTGCCCCTGGTTCTTCCACCTTGTTGGCCGTAGAGGAAACGACATTgtttaagaGCTAAGCTGCCAGTTCATTTCTTAGGG
JY_L01_76_GNAS,ATTTTGCCCCTGGTTCTTCCACCTTGTTGGgccgAGGCAATAAGAgcgggtttaagaGCTAAGCTGCCAGTTCATTTCTTAGGG
JY_L01_77_GNAS,ATTTTGCCCCTGGTTCTTCCACCTTGTTGGCTGGTCCGCCTCGGCCCGGgtttaagaGCTAAGCTGCCAGTTCATTTCTTAGGG
JY_L01_78_GNAS,ATTTTGCCCCTGGTTCTTCCACCTTGTTGGccggccgAGGCAATAAGAggtttaagaGCTAAGCTGCCAGTTCATTTCTTAGGG
JY_L01_79_GRWD1,ATTTTGCCCCTGGTTCTTCCACCTTGTTGGGATGGCGGCGCGCAAGGGTgtttaagaGCTAAGCTGCCAGTTCATTTCTTAGGG
JY_L01_80_GRWD1,ATTTTGCCCCTGGTTCTTCCACCTTGTTGGCGAGAGGGTTCGAAGATGGgtttaagaGCTAAGCTGCCAGTTCATTTCTTAGGG
JY_L01_81_GRWD1,ATTTTGCCCCTGGTTCTTCCACCTTGTTGGCCGGGTGTCAGCAGCGAGAgtttaagaGCTAAGCTGCCAGTTCATTTCTTAGGG
JY_L01_82_GSPT1,ATTTTGCCCCTGGTTCTTCCACCTTGTTGGTGACTGAGGGAAGGCGGCGgtttaagaGCTAAGCTGCCAGTTCATTTCTTAGGG
JY_L01_83_GSPT1,ATTTTGCCCCTGGTTCTTCCACCTTGTTGGAGCTAGCGACAAAGATCCCgtttaagaGCTAAGCTGCCAGTTCATTTCTTAGGG
JY_L01_84_GSPT1,ATTTTGCCCCTGGTTCTTCCACCTTGTTGGCTCGCGACGACGACAGAGGgtttaagaGCTAAGCTGCCAGTTCATTTCTTAGGG
JY_L01_85_HSPA12A,ATTTTGCCCCTGGTTCTTCCACCTTGTTGGCGCGGACAGAGACCCGCACgtttaagaGCTAAGCTGCCAGTTCATTTCTTAGGG
JY_L01_86_HSPA12A,ATTTTGCCCCTGGTTCTTCCACCTTGTTGGCTGCCCGGCGGCTCAGACAgtttaagaGCTAAGCTGCCAGTTCATTTCTTAGGG
JY_L01_87_HSPA12A,ATTTTGCCCCTGGTTCTTCCACCTTGTTGGCAGAGACCCGCACGGGCACgtttaagaGCTAAGCTGCCAGTTCATTTCTTAGGG
JY_L01_88_IGFBP3,ATTTTGCCCCTGGTTCTTCCACCTTGTTGGGCGCGAAGCTGTGGAATCCgtttaagaGCTAAGCTGCCAGTTCATTTCTTAGGG
JY_L01_89_IGFBP3,ATTTTGCCCCTGGTTCTTCCACCTTGTTGGGGGATGGGGCGACAGTACAgtttaagaGCTAAGCTGCCAGTTCATTTCTTAGGG
JY_L01_90_IGFBP3,ATTTTGCCCCTGGTTCTTCCACCTTGTTGGcgcccAGATGCGAGCACTGgtttaagaGCTAAGCTGCCAGTTCATTTCTTAGGG
JY_L01_91_IGSF3,ATTTTGCCCCTGGTTCTTCCACCTTGTTGGATCCAGGCGCACGCCTCAGgtttaagaGCTAAGCTGCCAGTTCATTTCTTAGGG
JY_L01_92_IGSF3,ATTTTGCCCCTGGTTCTTCCACCTTGTTGGGCTTCCTCTTCTCCCGCAAgtttaagaGCTAAGCTGCCAGTTCATTTCTTAGGG
JY_L01_93_IGSF3,ATTTTGCCCCTGGTTCTTCCACCTTGTTGGGGAAGCGGCGCGTCCCCTGgtttaagaGCTAAGCTGCCAGTTCATTTCTTAGGG
JY_L01_94_IL17RD,ATTTTGCCCCTGGTTCTTCCACCTTGTTGGGCGGCCGGGGCGCAGAGAAgtttaagaGCTAAGCTGCCAGTTCATTTCTTAGGG
JY_L01_95_IL17RD,ATTTTGCCCCTGGTTCTTCCACCTTGTTGGCCGCTGGCCAGCCCCGAGTgtttaagaGCTAAGCTGCCAGTTCATTTCTTAGGG
JY_L01_96_IL17RD,ATTTTGCCCCTGGTTCTTCCACCTTGTTGGTGGCTGGAGGGTAAGGCGAgtttaagaGCTAAGCTGCCAGTTCATTTCTTAGGG
JY_L01_97_ITGB4,ATTTTGCCCCTGGTTCTTCCACCTTGTTGGCTGCAGCCCCATCTCCTAGgtttaagaGCTAAGCTGCCAGTTCATTTCTTAGGG
JY_L01_98_ITGB4,ATTTTGCCCCTGGTTCTTCCACCTTGTTGGGGGCTGCCGCTAGGAGATGgtttaagaGCTAAGCTGCCAGTTCATTTCTTAGGG
JY_L01_99_ITGB4,ATTTTGCCCCTGGTTCTTCCACCTTGTTGGCCGTCCTGGACCTACCTCGgtttaagaGCTAAGCTGCCAGTTCATTTCTTAGGG
JY_L01_100_JUP,ATTTTGCCCCTGGTTCTTCCACCTTGTTGGTGCTGCCTTGGCCAGAGTCgtttaagaGCTAAGCTGCCAGTTCATTTCTTAGGG
JY_L01_101_JUP,ATTTTGCCCCTGGTTCTTCCACCTTGTTGGCAGCCCAGGGCGAGAGTCAgtttaagaGCTAAGCTGCCAGTTCATTTCTTAGGG
JY_L01_102_JUP,ATTTTGCCCCTGGTTCTTCCACCTTGTTGGtgagctcggcgtggtcggggtttaagaGCTAAGCTGCCAGTTCATTTCTTAGGG
JY_L01_103_KBTBD8,ATTTTGCCCCTGGTTCTTCCACCTTGTTGGCATCGAGAAATGGCCGCGTgtttaagaGCTAAGCTGCCAGTTCATTTCTTAGGG
JY_L01_104_KBTBD8,ATTTTGCCCCTGGTTCTTCCACCTTGTTGGTCGGGGCCCCATCGAGAAAgtttaagaGCTAAGCTGCCAGTTCATTTCTTAGGG
JY_L01_105_KBTBD8,ATTTTGCCCCTGGTTCTTCCACCTTGTTGGAATGGCCGCGTCGGCAGGTgtttaagaGCTAAGCTGCCAGTTCATTTCTTAGGG
JY_L01_106_KCTD17,ATTTTGCCCCTGGTTCTTCCACCTTGTTGGTCGGACCGGGTGAGGCCCCgtttaagaGCTAAGCTGCCAGTTCATTTCTTAGGG
JY_L01_107_KCTD17,ATTTTGCCCCTGGTTCTTCCACCTTGTTGGGGCCCGACAGCCCCGCGTCgtttaagaGCTAAGCTGCCAGTTCATTTCTTAGGG
JY_L01_108_KCTD17,ATTTTGCCCCTGGTTCTTCCACCTTGTTGGCCGCGGCCGGCGATGAGGAgtttaagaGCTAAGCTGCCAGTTCATTTCTTAGGG
JY_L01_109_KIAA0754,ATTTTGCCCCTGGTTCTTCCACCTTGTTGGGCGGCGTGGTGGAGAATAGgtttaagaGCTAAGCTGCCAGTTCATTTCTTAGGG
JY_L01_110_KIAA0754,ATTTTGCCCCTGGTTCTTCCACCTTGTTGGGCGTGGTGGAGAATAGAGGgtttaagaGCTAAGCTGCCAGTTCATTTCTTAGGG
JY_L01_111_KIAA0754,ATTTTGCCCCTGGTTCTTCCACCTTGTTGGGGAACAAAAGGCTCCGCTAgtttaagaGCTAAGCTGCCAGTTCATTTCTTAGGG
JY_L01_112_KIF11,ATTTTGCCCCTGGTTCTTCCACCTTGTTGGCGCGGACCTGGGCGCTGTGgtttaagaGCTAAGCTGCCAGTTCATTTCTTAGGG
JY_L01_113_KIF11,ATTTTGCCCCTGGTTCTTCCACCTTGTTGGTGCTGGGCCCCCTACTGCGgtttaagaGCTAAGCTGCCAGTTCATTTCTTAGGG
JY_L01_114_KIF11,ATTTTGCCCCTGGTTCTTCCACCTTGTTGGTAGTTTCTGGGGATTCGGGgtttaagaGCTAAGCTGCCAGTTCATTTCTTAGGG
JY_L01_115_KIF13B,ATTTTGCCCCTGGTTCTTCCACCTTGTTGGAGCCGAACGAGTTCCTCGGgtttaagaGCTAAGCTGCCAGTTCATTTCTTAGGG
JY_L01_116_KIF13B,ATTTTGCCCCTGGTTCTTCCACCTTGTTGGGGAAGCCGAACGAGTTCCTgtttaagaGCTAAGCTGCCAGTTCATTTCTTAGGG
JY_L01_117_KIF13B,ATTTTGCCCCTGGTTCTTCCACCTTGTTGGGACTCCAAAGTGAAAGTGGgtttaagaGCTAAGCTGCCAGTTCATTTCTTAGGG
JY_L01_118_KIF1A,ATTTTGCCCCTGGTTCTTCCACCTTGTTGGACTGGCGGCGGCCCCGCATgtttaagaGCTAAGCTGCCAGTTCATTTCTTAGGG
JY_L01_119_KIF1A,ATTTTGCCCCTGGTTCTTCCACCTTGTTGGCAGTGACGCCGGAGAGGTAgtttaagaGCTAAGCTGCCAGTTCATTTCTTAGGG
JY_L01_120_KIF1A,ATTTTGCCCCTGGTTCTTCCACCTTGTTGGGCGCTTTGGGCGGCAACAAgtttaagaGCTAAGCTGCCAGTTCATTTCTTAGGG
JY_L01_121_KMT2D,ATTTTGCCCCTGGTTCTTCCACCTTGTTGGacagcaAGGGTCCATGGCAgtttaagaGCTAAGCTGCCAGTTCATTTCTTAGGG
JY_L01_122_KMT2D,ATTTTGCCCCTGGTTCTTCCACCTTGTTGGcaccaacagcaAGGGTCCAgtttaagaGCTAAGCTGCCAGTTCATTTCTTAGGG
JY_L01_123_KMT2D,ATTTTGCCCCTGGTTCTTCCACCTTGTTGGTCAGGGCCTTATGGGACACgtttaagaGCTAAGCTGCCAGTTCATTTCTTAGGG
JY_L01_124_LAMA5,ATTTTGCCCCTGGTTCTTCCACCTTGTTGGGCGCTGTCCCTGGAGCTCGgtttaagaGCTAAGCTGCCAGTTCATTTCTTAGGG
JY_L01_125_LAMA5,ATTTTGCCCCTGGTTCTTCCACCTTGTTGGAGCCGGGAAGATGGCGAAGgtttaagaGCTAAGCTGCCAGTTCATTTCTTAGGG
JY_L01_126_LAMA5,ATTTTGCCCCTGGTTCTTCCACCTTGTTGGCCTCGGCCAGGTTGAAGTAgtttaagaGCTAAGCTGCCAGTTCATTTCTTAGGG
JY_L01_127_LDLR,ATTTTGCCCCTGGTTCTTCCACCTTGTTGGTTACCTGCAGTCCCCGCCGgtttaagaGCTAAGCTGCCAGTTCATTTCTTAGGG
JY_L01_128_LDLR,ATTTTGCCCCTGGTTCTTCCACCTTGTTGGGTGCAATCGCGGGAAGCCAgtttaagaGCTAAGCTGCCAGTTCATTTCTTAGGG
JY_L01_129_LDLR,ATTTTGCCCCTGGTTCTTCCACCTTGTTGGAGCAGGTCGTGATCCGGGTgtttaagaGCTAAGCTGCCAGTTCATTTCTTAGGG
JY_L01_130_LIPT1,ATTTTGCCCCTGGTTCTTCCACCTTGTTGGCGTACCCACGGCCTCGTGAgtttaagaGCTAAGCTGCCAGTTCATTTCTTAGGG
JY_L01_131_LIPT1,ATTTTGCCCCTGGTTCTTCCACCTTGTTGGCGGCTTCCGGTCGTACCCAgtttaagaGCTAAGCTGCCAGTTCATTTCTTAGGG
JY_L01_132_LIPT1,ATTTTGCCCCTGGTTCTTCCACCTTGTTGGACGACCGGAAGCCGCAGGTgtttaagaGCTAAGCTGCCAGTTCATTTCTTAGGG
JY_L01_133_LRP10,ATTTTGCCCCTGGTTCTTCCACCTTGTTGGCAGCCAGCGGAGCGCGACAgtttaagaGCTAAGCTGCCAGTTCATTTCTTAGGG
JY_L01_134_LRP10,ATTTTGCCCCTGGTTCTTCCACCTTGTTGGGAGCGCGACAGGGAAGCGGgtttaagaGCTAAGCTGCCAGTTCATTTCTTAGGG
JY_L01_135_LRP10,ATTTTGCCCCTGGTTCTTCCACCTTGTTGGGCGGAGCGCGACAGGGAAGgtttaagaGCTAAGCTGCCAGTTCATTTCTTAGGG
JY_L01_136_LRP5,ATTTTGCCCCTGGTTCTTCCACCTTGTTGGTCACTCGGGCTCCATggcggtttaagaGCTAAGCTGCCAGTTCATTTCTTAGGG
JY_L01_137_LRP5,ATTTTGCCCCTGGTTCTTCCACCTTGTTGGGGGCTCCATggcgcggcgggtttaagaGCTAAGCTGCCAGTTCATTTCTTAGGG
JY_L01_138_LRP5,ATTTTGCCCCTGGTTCTTCCACCTTGTTGGTGGTccgcggcgcccgagggtttaagaGCTAAGCTGCCAGTTCATTTCTTAGGG
JY_L01_139_LTBP1,ATTTTGCCCCTGGTTCTTCCACCTTGTTGGagaGAGCCCACAACCCGACgtttaagaGCTAAGCTGCCAGTTCATTTCTTAGGG
JY_L01_140_LTBP1,ATTTTGCCCCTGGTTCTTCCACCTTGTTGGACAGAGCAGCGAGCACTGAgtttaagaGCTAAGCTGCCAGTTCATTTCTTAGGG
JY_L01_141_LTBP1,ATTTTGCCCCTGGTTCTTCCACCTTGTTGGCTCGCTGCTCTGTATTCAGgtttaagaGCTAAGCTGCCAGTTCATTTCTTAGGG
JY_L01_142_MAP3K11,ATTTTGCCCCTGGTTCTTCCACCTTGTTGGCCCGGGGCCAAAGTACAAAgtttaagaGCTAAGCTGCCAGTTCATTTCTTAGGG
JY_L01_143_MAP3K11,ATTTTGCCCCTGGTTCTTCCACCTTGTTGGCCGTCGGGGCCAAAGGAGAgtttaagaGCTAAGCTGCCAGTTCATTTCTTAGGG
JY_L01_144_MAP3K11,ATTTTGCCCCTGGTTCTTCCACCTTGTTGGGCCAAAGTACAAAGGGAGGgtttaagaGCTAAGCTGCCAGTTCATTTCTTAGGG
JY_L01_145_MAP4,ATTTTGCCCCTGGTTCTTCCACCTTGTTGGTGAGGAGGTAGGAGACGTCgtttaagaGCTAAGCTGCCAGTTCATTTCTTAGGG
JY_L01_146_MAP4,ATTTTGCCCCTGGTTCTTCCACCTTGTTGGACCTCCTCACGGCTCTTCCgtttaagaGCTAAGCTGCCAGTTCATTTCTTAGGG
JY_L01_147_MAP4,ATTTTGCCCCTGGTTCTTCCACCTTGTTGGGGAGGTAGGAGACGTCGGGgtttaagaGCTAAGCTGCCAGTTCATTTCTTAGGG
JY_L01_148_MAP7,ATTTTGCCCCTGGTTCTTCCACCTTGTTGGGCTCCCGGAGATATGGAGCgtttaagaGCTAAGCTGCCAGTTCATTTCTTAGGG
JY_L01_149_MAP7,ATTTTGCCCCTGGTTCTTCCACCTTGTTGGGCTGGTCGGCCGCGGCGACgtttaagaGCTAAGCTGCCAGTTCATTTCTTAGGG
JY_L01_150_MAP7,ATTTTGCCCCTGGTTCTTCCACCTTGTTGGTGGCGGAGCTAGGAGCTGGgtttaagaGCTAAGCTGCCAGTTCATTTCTTAGGG
JY_L01_151_MAPK8IP1,ATTTTGCCCCTGGTTCTTCCACCTTGTTGGCGCGCCGGGCTGCTCTCTggtttaagaGCTAAGCTGCCAGTTCATTTCTTAGGG
JY_L01_152_MAPK8IP1,ATTTTGCCCCTGGTTCTTCCACCTTGTTGGGGCTGCACAGCGCACGGAGgtttaagaGCTAAGCTGCCAGTTCATTTCTTAGGG
JY_L01_153_MAPK8IP1,ATTTTGCCCCTGGTTCTTCCACCTTGTTGGCCGGGCTGCTCTCTgcggggtttaagaGCTAAGCTGCCAGTTCATTTCTTAGGG
JY_L01_154_MDK,ATTTTGCCCCTGGTTCTTCCACCTTGTTGGcggcggcccctggtccgccgtttaagaGCTAAGCTGCCAGTTCATTTCTTAGGG
JY_L01_155_MDK,ATTTTGCCCCTGGTTCTTCCACCTTGTTGGggAGGGAGCGAAGCAGCGCgtttaagaGCTAAGCTGCCAGTTCATTTCTTAGGG
JY_L01_156_MDK,ATTTTGCCCCTGGTTCTTCCACCTTGTTGGgcggcggccggagcgggacgtttaagaGCTAAGCTGCCAGTTCATTTCTTAGGG
JY_L01_157_ME3,ATTTTGCCCCTGGTTCTTCCACCTTGTTGGCTCCCCGAGCAGCGCAGGTgtttaagaGCTAAGCTGCCAGTTCATTTCTTAGGG
JY_L01_158_ME3,ATTTTGCCCCTGGTTCTTCCACCTTGTTGGTCCAGCCCCCGCCACTCCTgtttaagaGCTAAGCTGCCAGTTCATTTCTTAGGG
JY_L01_159_ME3,ATTTTGCCCCTGGTTCTTCCACCTTGTTGGGGTGGCAGCCGAGGAGTGGgtttaagaGCTAAGCTGCCAGTTCATTTCTTAGGG
JY_L01_160_MFGE8,ATTTTGCCCCTGGTTCTTCCACCTTGTTGGAGAAGGCGCCAGAACCCCGgtttaagaGCTAAGCTGCCAGTTCATTTCTTAGGG
JY_L01_161_MFGE8,ATTTTGCCCCTGGTTCTTCCACCTTGTTGGGGGACGCGGGCGCTGGAATgtttaagaGCTAAGCTGCCAGTTCATTTCTTAGGG
JY_L01_162_MFGE8,ATTTTGCCCCTGGTTCTTCCACCTTGTTGGGCGCTGGAATGGGCACGCTgtttaagaGCTAAGCTGCCAGTTCATTTCTTAGGG
JY_L01_163_MIS18BP1,ATTTTGCCCCTGGTTCTTCCACCTTGTTGGGTGTTAGAGAACGTCGCGGgtttaagaGCTAAGCTGCCAGTTCATTTCTTAGGG
JY_L01_164_MIS18BP1,ATTTTGCCCCTGGTTCTTCCACCTTGTTGGCCGCGGGCAGGATACACCGgtttaagaGCTAAGCTGCCAGTTCATTTCTTAGGG
JY_L01_165_MIS18BP1,ATTTTGCCCCTGGTTCTTCCACCTTGTTGGCTTGGCGCCTGGCCGCCGCgtttaagaGCTAAGCTGCCAGTTCATTTCTTAGGG
JY_L01_166_MLKL,ATTTTGCCCCTGGTTCTTCCACCTTGTTGGCAGGGCACCGTGAGCCTGGgtttaagaGCTAAGCTGCCAGTTCATTTCTTAGGG
JY_L01_167_MLKL,ATTTTGCCCCTGGTTCTTCCACCTTGTTGGGCTGGAGCCACGTCGGAGGgtttaagaGCTAAGCTGCCAGTTCATTTCTTAGGG
JY_L01_168_MLKL,ATTTTGCCCCTGGTTCTTCCACCTTGTTGGTTGGCAGCTGGAGCCACGTgtttaagaGCTAAGCTGCCAGTTCATTTCTTAGGG
JY_L01_169_MOB3A,ATTTTGCCCCTGGTTCTTCCACCTTGTTGGGGCCAGTTGGGTACCGGGAgtttaagaGCTAAGCTGCCAGTTCATTTCTTAGGG
JY_L01_170_MOB3A,ATTTTGCCCCTGGTTCTTCCACCTTGTTGGGCGGCAGAGGCGATCAGGTgtttaagaGCTAAGCTGCCAGTTCATTTCTTAGGG
JY_L01_171_MOB3A,ATTTTGCCCCTGGTTCTTCCACCTTGTTGGGCGGCCGAGGCGGCCAGTTgtttaagaGCTAAGCTGCCAGTTCATTTCTTAGGG
JY_L01_172_MYLIP,ATTTTGCCCCTGGTTCTTCCACCTTGTTGGCAGCTGCCCCTGTCCTCCGgtttaagaGCTAAGCTGCCAGTTCATTTCTTAGGG
JY_L01_173_MYLIP,ATTTTGCCCCTGGTTCTTCCACCTTGTTGGGGCGCCACCGCGGAGGACAgtttaagaGCTAAGCTGCCAGTTCATTTCTTAGGG
JY_L01_174_MYLIP,ATTTTGCCCCTGGTTCTTCCACCTTGTTGGCTGCCCCTGTCCTCCGCGGgtttaagaGCTAAGCTGCCAGTTCATTTCTTAGGG
JY_L01_175_NCS1,ATTTTGCCCCTGGTTCTTCCACCTTGTTGGTGGATTTCCCCATCCTcgggtttaagaGCTAAGCTGCCAGTTCATTTCTTAGGG
JY_L01_176_NCS1,ATTTTGCCCCTGGTTCTTCCACCTTGTTGGcagcagcgagCATGTGCCGgtttaagaGCTAAGCTGCCAGTTCATTTCTTAGGG
JY_L01_177_NCS1,ATTTTGCCCCTGGTTCTTCCACCTTGTTGGGCCGCGGAGCCCAGTAACCgtttaagaGCTAAGCTGCCAGTTCATTTCTTAGGG
JY_L01_178_NDRG2,ATTTTGCCCCTGGTTCTTCCACCTTGTTGGGTCGGGACGCAGCAAAGAGgtttaagaGCTAAGCTGCCAGTTCATTTCTTAGGG
JY_L01_179_NDRG2,ATTTTGCCCCTGGTTCTTCCACCTTGTTGGAGCCGAGGGATCCCTCTCAgtttaagaGCTAAGCTGCCAGTTCATTTCTTAGGG
JY_L01_180_NDRG2,ATTTTGCCCCTGGTTCTTCCACCTTGTTGGCGTCCCGACGCCTGCTCTCgtttaagaGCTAAGCTGCCAGTTCATTTCTTAGGG
JY_L01_181_NEMF,ATTTTGCCCCTGGTTCTTCCACCTTGTTGGGAGTCCGGCCGGGCAGTAGgtttaagaGCTAAGCTGCCAGTTCATTTCTTAGGG
JY_L01_182_NEMF,ATTTTGCCCCTGGTTCTTCCACCTTGTTGGCGCCTGCGCGGAGGAGAAGgtttaagaGCTAAGCTGCCAGTTCATTTCTTAGGG
JY_L01_183_NEMF,ATTTTGCCCCTGGTTCTTCCACCTTGTTGGCGGGCAGTAGAGGAACTTGgtttaagaGCTAAGCTGCCAGTTCATTTCTTAGGG
JY_L01_184_NFATC2,ATTTTGCCCCTGGTTCTTCCACCTTGTTGGCGCGCCCGGGGAAGCTGAGgtttaagaGCTAAGCTGCCAGTTCATTTCTTAGGG
JY_L01_185_NFATC2,ATTTTGCCCCTGGTTCTTCCACCTTGTTGGCGCCATGAACGCCCCCGAGgtttaagaGCTAAGCTGCCAGTTCATTTCTTAGGG
JY_L01_186_NFATC2,ATTTTGCCCCTGGTTCTTCCACCTTGTTGGCGCACGCCGGGTCCGGGGAgtttaagaGCTAAGCTGCCAGTTCATTTCTTAGGG
JY_L01_187_NHSL1,ATTTTGCCCCTGGTTCTTCCACCTTGTTGGTCTAAGGATATGAGACCGGgtttaagaGCTAAGCTGCCAGTTCATTTCTTAGGG
JY_L01_188_NHSL1,ATTTTGCCCCTGGTTCTTCCACCTTGTTGGCAGCCTGGGCAGATGTCTAgtttaagaGCTAAGCTGCCAGTTCATTTCTTAGGG
JY_L01_189_NHSL1,ATTTTGCCCCTGGTTCTTCCACCTTGTTGGACCTCAGTTACATCAGCCTgtttaagaGCTAAGCTGCCAGTTCATTTCTTAGGG
JY_L01_190_NPR2,ATTTTGCCCCTGGTTCTTCCACCTTGTTGGGGCCGCCGTAGCTCCGGATgtttaagaGCTAAGCTGCCAGTTCATTTCTTAGGG
JY_L01_191_NPR2,ATTTTGCCCCTGGTTCTTCCACCTTGTTGGCTGGTCCCATCCGGAGCTAgtttaagaGCTAAGCTGCCAGTTCATTTCTTAGGG
JY_L01_192_NPR2,ATTTTGCCCCTGGTTCTTCCACCTTGTTGGGCAGAGAGGAGCGGGGACAgtttaagaGCTAAGCTGCCAGTTCATTTCTTAGGG
JY_L01_193_PAQR8,ATTTTGCCCCTGGTTCTTCCACCTTGTTGGCCGGCCACGAGCTTCCCGCgtttaagaGCTAAGCTGCCAGTTCATTTCTTAGGG
JY_L01_194_PAQR8,ATTTTGCCCCTGGTTCTTCCACCTTGTTGGCCGCGGGTGGCTGTGACCGgtttaagaGCTAAGCTGCCAGTTCATTTCTTAGGG
JY_L01_195_PAQR8,ATTTTGCCCCTGGTTCTTCCACCTTGTTGGGCCACCCGCGGGAAGCTCGgtttaagaGCTAAGCTGCCAGTTCATTTCTTAGGG
JY_L01_196_PCDHB14,ATTTTGCCCCTGGTTCTTCCACCTTGTTGGTCGCCTACAGAGCTGCTGGgtttaagaGCTAAGCTGCCAGTTCATTTCTTAGGG
JY_L01_197_PCDHB14,ATTTTGCCCCTGGTTCTTCCACCTTGTTGGCTGGAGGATACACTCTCCAgtttaagaGCTAAGCTGCCAGTTCATTTCTTAGGG
JY_L01_198_PCDHB14,ATTTTGCCCCTGGTTCTTCCACCTTGTTGGGAATCTGCACACTATTCTGgtttaagaGCTAAGCTGCCAGTTCATTTCTTAGGG
JY_L01_199_PCLO,ATTTTGCCCCTGGTTCTTCCACCTTGTTGGTGCCTGGCGCTGTCCAACAgtttaagaGCTAAGCTGCCAGTTCATTTCTTAGGG
JY_L01_200_PCLO,ATTTTGCCCCTGGTTCTTCCACCTTGTTGGGCGCTGTCCAACATGGAGGgtttaagaGCTAAGCTGCCAGTTCATTTCTTAGGG
JY_L01_201_PCLO,ATTTTGCCCCTGGTTCTTCCACCTTGTTGGCGCCGAGGCGGCGTCCGGGgtttaagaGCTAAGCTGCCAGTTCATTTCTTAGGG
JY_L01_202_PEAK1,ATTTTGCCCCTGGTTCTTCCACCTTGTTGGCGGCCGTGGTCACCAGGAAgtttaagaGCTAAGCTGCCAGTTCATTTCTTAGGG
JY_L01_203_PEAK1,ATTTTGCCCCTGGTTCTTCCACCTTGTTGGAGTGTCAGTTGCTCGGCGGgtttaagaGCTAAGCTGCCAGTTCATTTCTTAGGG
JY_L01_204_PEAK1,ATTTTGCCCCTGGTTCTTCCACCTTGTTGGggagcgcgacgccccccAGgtttaagaGCTAAGCTGCCAGTTCATTTCTTAGGG
JY_L01_205_PEX16,ATTTTGCCCCTGGTTCTTCCACCTTGTTGGTGTCGTACGGTCCTTCTGTgtttaagaGCTAAGCTGCCAGTTCATTTCTTAGGG
JY_L01_206_PEX16,ATTTTGCCCCTGGTTCTTCCACCTTGTTGGGGCGCCGCAGCCTGTCGTAgtttaagaGCTAAGCTGCCAGTTCATTTCTTAGGG
JY_L01_207_PEX16,ATTTTGCCCCTGGTTCTTCCACCTTGTTGGAGTCACGTACTCCTGGTAGgtttaagaGCTAAGCTGCCAGTTCATTTCTTAGGG
JY_L01_208_PGK1,ATTTTGCCCCTGGTTCTTCCACCTTGTTGGAAGCCTCCGGAGCGCACGTgtttaagaGCTAAGCTGCCAGTTCATTTCTTAGGG
JY_L01_209_PGK1,ATTTTGCCCCTGGTTCTTCCACCTTGTTGGAGAATGCGGAACACCGCGCgtttaagaGCTAAGCTGCCAGTTCATTTCTTAGGG
JY_L01_210_PGK1,ATTTTGCCCCTGGTTCTTCCACCTTGTTGGTCGGTGATTCGGTCAACGAgtttaagaGCTAAGCTGCCAGTTCATTTCTTAGGG
JY_L01_211_PHLDA1,ATTTTGCCCCTGGTTCTTCCACCTTGTTGGCTGATGCGCCACAAGGTCCgtttaagaGCTAAGCTGCCAGTTCATTTCTTAGGG
JY_L01_212_PHLDA1,ATTTTGCCCCTGGTTCTTCCACCTTGTTGGCTTGCGAGCGCTCACTGAAgtttaagaGCTAAGCTGCCAGTTCATTTCTTAGGG
JY_L01_213_PHLDA1,ATTTTGCCCCTGGTTCTTCCACCTTGTTGGTCGGAGCTCCGGGACCTTGgtttaagaGCTAAGCTGCCAGTTCATTTCTTAGGG
JY_L01_214_PITPNA,ATTTTGCCCCTGGTTCTTCCACCTTGTTGGGCGGAACCGGAGCTCCGgggtttaagaGCTAAGCTGCCAGTTCATTTCTTAGGG
JY_L01_215_PITPNA,ATTTTGCCCCTGGTTCTTCCACCTTGTTGGagcggcgcgagaggcgacggtttaagaGCTAAGCTGCCAGTTCATTTCTTAGGG
JY_L01_216_PITPNA,ATTTTGCCCCTGGTTCTTCCACCTTGTTGGgcTGCGGAACCGGAGCTCCgtttaagaGCTAAGCTGCCAGTTCATTTCTTAGGG
JY_L01_217_PNO1,ATTTTGCCCCTGGTTCTTCCACCTTGTTGGCAGCGCTTTAAGATTTCCGgtttaagaGCTAAGCTGCCAGTTCATTTCTTAGGG
JY_L01_218_PNO1,ATTTTGCCCCTGGTTCTTCCACCTTGTTGGGCGCTCTGCGTTTCCATTTgtttaagaGCTAAGCTGCCAGTTCATTTCTTAGGG
JY_L01_219_PNO1,ATTTTGCCCCTGGTTCTTCCACCTTGTTGGCAGGAGCCCGTCCCCACAGgtttaagaGCTAAGCTGCCAGTTCATTTCTTAGGG
JY_L01_220_PPARD,ATTTTGCCCCTGGTTCTTCCACCTTGTTGGCGCGGACCTGGGGATTAATgtttaagaGCTAAGCTGCCAGTTCATTTCTTAGGG
JY_L01_221_PPARD,ATTTTGCCCCTGGTTCTTCCACCTTGTTGGcgcggAGCGTGTGACGCTGgtttaagaGCTAAGCTGCCAGTTCATTTCTTAGGG
JY_L01_222_PPARD,ATTTTGCCCCTGGTTCTTCCACCTTGTTGGGGGTCCGCGGACAGCGTCAgtttaagaGCTAAGCTGCCAGTTCATTTCTTAGGG
JY_L01_223_PPP1R2,ATTTTGCCCCTGGTTCTTCCACCTTGTTGGGCCACTGCCACTTGACCCGgtttaagaGCTAAGCTGCCAGTTCATTTCTTAGGG
JY_L01_224_PPP1R2,ATTTTGCCCCTGGTTCTTCCACCTTGTTGGCTGCGCTGGAGCTCTAGGCgtttaagaGCTAAGCTGCCAGTTCATTTCTTAGGG
JY_L01_225_PPP1R2,ATTTTGCCCCTGGTTCTTCCACCTTGTTGGCCGCGAGCCGCGGGTCAAGgtttaagaGCTAAGCTGCCAGTTCATTTCTTAGGG
JY_L01_226_PRR12,ATTTTGCCCCTGGTTCTTCCACCTTGTTGGGTCCATGAATTGGCCGCGGgtttaagaGCTAAGCTGCCAGTTCATTTCTTAGGG
JY_L01_227_PRR12,ATTTTGCCCCTGGTTCTTCCACCTTGTTGGTGCACCGTGAGCGCAGAGGgtttaagaGCTAAGCTGCCAGTTCATTTCTTAGGG
JY_L01_228_PRR12,ATTTTGCCCCTGGTTCTTCCACCTTGTTGGcAGCCGCCTTGTGCAAAGAgtttaagaGCTAAGCTGCCAGTTCATTTCTTAGGG
JY_L01_229_PTPN7,ATTTTGCCCCTGGTTCTTCCACCTTGTTGGACCTGATGTCCCCAAGACGgtttaagaGCTAAGCTGCCAGTTCATTTCTTAGGG
JY_L01_230_PTPN7,ATTTTGCCCCTGGTTCTTCCACCTTGTTGGGATATAAGAGGGCATCTCTgtttaagaGCTAAGCTGCCAGTTCATTTCTTAGGG
JY_L01_231_PTPN7,ATTTTGCCCCTGGTTCTTCCACCTTGTTGGCAGTCTCGGGGTAGAGTAAgtttaagaGCTAAGCTGCCAGTTCATTTCTTAGGG
JY_L01_232_RGL3,ATTTTGCCCCTGGTTCTTCCACCTTGTTGGcggcgccACTGAGAGGGACgtttaagaGCTAAGCTGCCAGTTCATTTCTTAGGG
JY_L01_233_RGL3,ATTTTGCCCCTGGTTCTTCCACCTTGTTGGCGGCGCCCGTCCCTCTCAGgtttaagaGCTAAGCTGCCAGTTCATTTCTTAGGG
JY_L01_234_RGL3,ATTTTGCCCCTGGTTCTTCCACCTTGTTGGgcccttccgcctcactcaggtttaagaGCTAAGCTGCCAGTTCATTTCTTAGGG
JY_L01_235_RMND1,ATTTTGCCCCTGGTTCTTCCACCTTGTTGGCAGCTCGAGTGGTCCGGCTgtttaagaGCTAAGCTGCCAGTTCATTTCTTAGGG
JY_L01_236_RMND1,ATTTTGCCCCTGGTTCTTCCACCTTGTTGGCAAAGGGTCACAGCCGCACgtttaagaGCTAAGCTGCCAGTTCATTTCTTAGGG
JY_L01_237_RMND1,ATTTTGCCCCTGGTTCTTCCACCTTGTTGGGCTGCAGTAGTGAGAGGCTgtttaagaGCTAAGCTGCCAGTTCATTTCTTAGGG
JY_L01_238_S100A10,ATTTTGCCCCTGGTTCTTCCACCTTGTTGGAGCTGGGCGAGCTGGACGCgtttaagaGCTAAGCTGCCAGTTCATTTCTTAGGG
JY_L01_239_S100A10,ATTTTGCCCCTGGTTCTTCCACCTTGTTGGCCGCCGCACGTACTAAGGAgtttaagaGCTAAGCTGCCAGTTCATTTCTTAGGG
JY_L01_240_S100A10,ATTTTGCCCCTGGTTCTTCCACCTTGTTGGGGCGGACGCTGGGCGAGCTgtttaagaGCTAAGCTGCCAGTTCATTTCTTAGGG
JY_L01_241_S100A6,ATTTTGCCCCTGGTTCTTCCACCTTGTTGGGCTCCTGGAGAGAACTCACgtttaagaGCTAAGCTGCCAGTTCATTTCTTAGGG
JY_L01_242_S100A6,ATTTTGCCCCTGGTTCTTCCACCTTGTTGGTGGAGAGAACTCACCGGTAgtttaagaGCTAAGCTGCCAGTTCATTTCTTAGGG
JY_L01_243_S100A6,ATTTTGCCCCTGGTTCTTCCACCTTGTTGGAGAGAACTCACCGGTAGGGgtttaagaGCTAAGCTGCCAGTTCATTTCTTAGGG
JY_L01_244_SCML1,ATTTTGCCCCTGGTTCTTCCACCTTGTTGGAGCTCTCTGATCCACTCAGgtttaagaGCTAAGCTGCCAGTTCATTTCTTAGGG
JY_L01_245_SCML1,ATTTTGCCCCTGGTTCTTCCACCTTGTTGGTCAGGGGTCAGGGCATCACgtttaagaGCTAAGCTGCCAGTTCATTTCTTAGGG
JY_L01_246_SCML1,ATTTTGCCCCTGGTTCTTCCACCTTGTTGGCTGATCCACTCAGGGGTCAgtttaagaGCTAAGCTGCCAGTTCATTTCTTAGGG
JY_L01_247_SCNN1A,ATTTTGCCCCTGGTTCTTCCACCTTGTTGGCCAGCCGCAACCTGGGAGTgtttaagaGCTAAGCTGCCAGTTCATTTCTTAGGG
JY_L01_248_SCNN1A,ATTTTGCCCCTGGTTCTTCCACCTTGTTGGCCCAGTCCAGCCGCAACCTgtttaagaGCTAAGCTGCCAGTTCATTTCTTAGGG
JY_L01_249_SCNN1A,ATTTTGCCCCTGGTTCTTCCACCTTGTTGGCAGAGGAGAGGCCGTTCTAgtttaagaGCTAAGCTGCCAGTTCATTTCTTAGGG
JY_L01_250_SERPINA1,ATTTTGCCCCTGGTTCTTCCACCTTGTTGGACTGCGAGAGGTTCTGGAGgtttaagaGCTAAGCTGCCAGTTCATTTCTTAGGG
JY_L01_251_SERPINA1,ATTTTGCCCCTGGTTCTTCCACCTTGTTGGCAGAACCTCTCGCAGTGAAgtttaagaGCTAAGCTGCCAGTTCATTTCTTAGGG
JY_L01_252_SERPINA1,ATTTTGCCCCTGGTTCTTCCACCTTGTTGGATTCACTGTCCCAGGTCAGgtttaagaGCTAAGCTGCCAGTTCATTTCTTAGGG
JY_L01_253_SF3B2,ATTTTGCCCCTGGTTCTTCCACCTTGTTGGAAGCGGAGCCTGGTTACCCgtttaagaGCTAAGCTGCCAGTTCATTTCTTAGGG
JY_L01_254_SF3B2,ATTTTGCCCCTGGTTCTTCCACCTTGTTGGGGCAGCCCAGGCGCCATAGgtttaagaGCTAAGCTGCCAGTTCATTTCTTAGGG
JY_L01_255_SF3B2,ATTTTGCCCCTGGTTCTTCCACCTTGTTGGCCTGCGGCTAAGATGGCGAgtttaagaGCTAAGCTGCCAGTTCATTTCTTAGGG
JY_L01_256_SH3BGRL3,ATTTTGCCCCTGGTTCTTCCACCTTGTTGGCGCAGGCCGCTCATGCTGGgtttaagaGCTAAGCTGCCAGTTCATTTCTTAGGG
JY_L01_257_SH3BGRL3,ATTTTGCCCCTGGTTCTTCCACCTTGTTGGAAACCGCTCCCGAGCACGGgtttaagaGCTAAGCTGCCAGTTCATTTCTTAGGG
JY_L01_258_SH3BGRL3,ATTTTGCCCCTGGTTCTTCCACCTTGTTGGGGTAGACAGACGGGCCGGCgtttaagaGCTAAGCTGCCAGTTCATTTCTTAGGG
JY_L01_259_SH3BP4,ATTTTGCCCCTGGTTCTTCCACCTTGTTGGggctccgcgggactcacgggtttaagaGCTAAGCTGCCAGTTCATTTCTTAGGG
JY_L01_260_SH3BP4,ATTTTGCCCCTGGTTCTTCCACCTTGTTGGcgcggctccgcgggactcagtttaagaGCTAAGCTGCCAGTTCATTTCTTAGGG
JY_L01_261_SH3BP4,ATTTTGCCCCTGGTTCTTCCACCTTGTTGGgccgccgccgtgagtcccggtttaagaGCTAAGCTGCCAGTTCATTTCTTAGGG
JY_L01_262_SH3KBP1,ATTTTGCCCCTGGTTCTTCCACCTTGTTGGagcagcaggagtcgccccggtttaagaGCTAAGCTGCCAGTTCATTTCTTAGGG
JY_L01_263_SH3KBP1,ATTTTGCCCCTGGTTCTTCCACCTTGTTGGGCCGAGGCAGCGTGAAAGTgtttaagaGCTAAGCTGCCAGTTCATTTCTTAGGG
JY_L01_264_SH3KBP1,ATTTTGCCCCTGGTTCTTCCACCTTGTTGGTCGCGGGGAGCAGGAAACCgtttaagaGCTAAGCTGCCAGTTCATTTCTTAGGG
JY_L01_265_SIPA1L3,ATTTTGCCCCTGGTTCTTCCACCTTGTTGGTGGCGGCGTCTCCAGCGAGgtttaagaGCTAAGCTGCCAGTTCATTTCTTAGGG
JY_L01_266_SIPA1L3,ATTTTGCCCCTGGTTCTTCCACCTTGTTGGCGCGAAGCGGCTTGGAAGTgtttaagaGCTAAGCTGCCAGTTCATTTCTTAGGG
JY_L01_267_SIPA1L3,ATTTTGCCCCTGGTTCTTCCACCTTGTTGGGGTGGCCCGAGTGACTTCCgtttaagaGCTAAGCTGCCAGTTCATTTCTTAGGG
JY_L01_268_SLC35C2,ATTTTGCCCCTGGTTCTTCCACCTTGTTGGTCCCAGGGCCGAGGTGAGTgtttaagaGCTAAGCTGCCAGTTCATTTCTTAGGG
JY_L01_269_SLC35C2,ATTTTGCCCCTGGTTCTTCCACCTTGTTGGTTCCGGCCTGGAGCTCCCAgtttaagaGCTAAGCTGCCAGTTCATTTCTTAGGG
JY_L01_270_SLC35C2,ATTTTGCCCCTGGTTCTTCCACCTTGTTGGCAGGCCGGAATCTCCCCACgtttaagaGCTAAGCTGCCAGTTCATTTCTTAGGG
JY_L01_271_SNRPD1,ATTTTGCCCCTGGTTCTTCCACCTTGTTGGCCGGAAGCGCCTACTCCAGgtttaagaGCTAAGCTGCCAGTTCATTTCTTAGGG
JY_L01_272_SNRPD1,ATTTTGCCCCTGGTTCTTCCACCTTGTTGGGATGAAGCTCGTGAGGTGAgtttaagaGCTAAGCTGCCAGTTCATTTCTTAGGG
JY_L01_273_SNRPD1,ATTTTGCCCCTGGTTCTTCCACCTTGTTGGCGACTGCAGTATGAATGGCgtttaagaGCTAAGCTGCCAGTTCATTTCTTAGGG
JY_L01_274_SORBS2,ATTTTGCCCCTGGTTCTTCCACCTTGTTGGGCTGGCTGACCAAGTCCACgtttaagaGCTAAGCTGCCAGTTCATTTCTTAGGG
JY_L01_275_SORBS2,ATTTTGCCCCTGGTTCTTCCACCTTGTTGGTCCCCTGGAATGCAGACCTgtttaagaGCTAAGCTGCCAGTTCATTTCTTAGGG
JY_L01_276_SORBS2,ATTTTGCCCCTGGTTCTTCCACCTTGTTGGAGCCGGGAGAAGGAAGCCGgtttaagaGCTAAGCTGCCAGTTCATTTCTTAGGG
JY_L01_277_SOX9,ATTTTGCCCCTGGTTCTTCCACCTTGTTGGGGAGTTGGAGAGCCGAAAGgtttaagaGCTAAGCTGCCAGTTCATTTCTTAGGG
JY_L01_278_SOX9,ATTTTGCCCCTGGTTCTTCCACCTTGTTGGAGCGGAGCTCGAAACTGACgtttaagaGCTAAGCTGCCAGTTCATTTCTTAGGG
JY_L01_279_SOX9,ATTTTGCCCCTGGTTCTTCCACCTTGTTGGAGCTGCCCGCTCCAAGTGGgtttaagaGCTAAGCTGCCAGTTCATTTCTTAGGG
JY_L01_280_TGFB1I1,ATTTTGCCCCTGGTTCTTCCACCTTGTTGGCACTCACCCAGGTCCTCCAgtttaagaGCTAAGCTGCCAGTTCATTTCTTAGGG
JY_L01_281_TGFB1I1,ATTTTGCCCCTGGTTCTTCCACCTTGTTGGgccccgccATGGAGGACCTgtttaagaGCTAAGCTGCCAGTTCATTTCTTAGGG
JY_L01_282_TGFB1I1,ATTTTGCCCCTGGTTCTTCCACCTTGTTGGGATCCGGCCCCACTCACCCgtttaagaGCTAAGCTGCCAGTTCATTTCTTAGGG
JY_L01_283_TGFBI,ATTTTGCCCCTGGTTCTTCCACCTTGTTGGGAGCGAGCTAGCGACCGACgtttaagaGCTAAGCTGCCAGTTCATTTCTTAGGG
JY_L01_284_TGFBI,ATTTTGCCCCTGGTTCTTCCACCTTGTTGGCACGAAGAGCGCCATGGAGgtttaagaGCTAAGCTGCCAGTTCATTTCTTAGGG
JY_L01_285_TGFBI,ATTTTGCCCCTGGTTCTTCCACCTTGTTGGTAGCGACCGACGGGCAAGCgtttaagaGCTAAGCTGCCAGTTCATTTCTTAGGG
JY_L01_286_TIFA,ATTTTGCCCCTGGTTCTTCCACCTTGTTGGGACGTGCTCTGCCAGCCAGgtttaagaGCTAAGCTGCCAGTTCATTTCTTAGGG
JY_L01_287_TIFA,ATTTTGCCCCTGGTTCTTCCACCTTGTTGGGGGAGCGCGGGAGGATCGGgtttaagaGCTAAGCTGCCAGTTCATTTCTTAGGG
JY_L01_288_TIFA,ATTTTGCCCCTGGTTCTTCCACCTTGTTGGCGCGGGAGCGCGGGAGGATgtttaagaGCTAAGCTGCCAGTTCATTTCTTAGGG
JY_L01_289_TMEM41B,ATTTTGCCCCTGGTTCTTCCACCTTGTTGGCGCTGGGCTGAGGTCGTCTgtttaagaGCTAAGCTGCCAGTTCATTTCTTAGGG
JY_L01_290_TMEM41B,ATTTTGCCCCTGGTTCTTCCACCTTGTTGGGAGGTCGTCTCGGGTGAGGgtttaagaGCTAAGCTGCCAGTTCATTTCTTAGGG
JY_L01_291_TMEM41B,ATTTTGCCCCTGGTTCTTCCACCTTGTTGGGGAGGTTGCAGTACTCGCTgtttaagaGCTAAGCTGCCAGTTCATTTCTTAGGG
JY_L01_292_TRAIP,ATTTTGCCCCTGGTTCTTCCACCTTGTTGGTAGTGCACAGAGCACGGATgtttaagaGCTAAGCTGCCAGTTCATTTCTTAGGG
JY_L01_293_TRAIP,ATTTTGCCCCTGGTTCTTCCACCTTGTTGGGCATGATGGCTGGACTCAAgtttaagaGCTAAGCTGCCAGTTCATTTCTTAGGG
JY_L01_294_TRAIP,ATTTTGCCCCTGGTTCTTCCACCTTGTTGGAGAGCACGGATAGGCATGAgtttaagaGCTAAGCTGCCAGTTCATTTCTTAGGG
JY_L01_295_TRMT10B,ATTTTGCCCCTGGTTCTTCCACCTTGTTGGAGCCAGCCCCCTTAACCAGgtttaagaGCTAAGCTGCCAGTTCATTTCTTAGGG
JY_L01_296_TRMT10B,ATTTTGCCCCTGGTTCTTCCACCTTGTTGGCACCCCCACGCAGCGGCAGgtttaagaGCTAAGCTGCCAGTTCATTTCTTAGGG
JY_L01_297_TRMT10B,ATTTTGCCCCTGGTTCTTCCACCTTGTTGGCGCTGTCCGCTGGTTAAGGgtttaagaGCTAAGCTGCCAGTTCATTTCTTAGGG
JY_L01_298_TRMT6,ATTTTGCCCCTGGTTCTTCCACCTTGTTGGGGCGACAACCGAGGAGGAGgtttaagaGCTAAGCTGCCAGTTCATTTCTTAGGG
JY_L01_299_TRMT6,ATTTTGCCCCTGGTTCTTCCACCTTGTTGGGCGGTGGCGACAACCGAGGgtttaagaGCTAAGCTGCCAGTTCATTTCTTAGGG
JY_L01_300_TRMT6,ATTTTGCCCCTGGTTCTTCCACCTTGTTGGGCACTAGGAGCCCTCCGACgtttaagaGCTAAGCTGCCAGTTCATTTCTTAGGG
JY_L01_301_TTC8,ATTTTGCCCCTGGTTCTTCCACCTTGTTGGAGCGCTCCAGGAGAGAGGTgtttaagaGCTAAGCTGCCAGTTCATTTCTTAGGG
JY_L01_302_TTC8,ATTTTGCCCCTGGTTCTTCCACCTTGTTGGTGGGCGTGGAGTGAAGAGCgtttaagaGCTAAGCTGCCAGTTCATTTCTTAGGG
JY_L01_303_TTC8,ATTTTGCCCCTGGTTCTTCCACCTTGTTGGAGCGAAGGCCCAGCGCTCCgtttaagaGCTAAGCTGCCAGTTCATTTCTTAGGG
JY_L01_304_TYW1,ATTTTGCCCCTGGTTCTTCCACCTTGTTGGCGAGTGCCTGCAGACCTGTgtttaagaGCTAAGCTGCCAGTTCATTTCTTAGGG
JY_L01_305_TYW1,ATTTTGCCCCTGGTTCTTCCACCTTGTTGGTGGCTGCCCACAGGTCTGCgtttaagaGCTAAGCTGCCAGTTCATTTCTTAGGG
JY_L01_306_TYW1,ATTTTGCCCCTGGTTCTTCCACCTTGTTGGACTCGGTACGCCGCTAACGgtttaagaGCTAAGCTGCCAGTTCATTTCTTAGGG
JY_L01_307_UBE2D3,ATTTTGCCCCTGGTTCTTCCACCTTGTTGGCGCTATACCGGCGTCACTAgtttaagaGCTAAGCTGCCAGTTCATTTCTTAGGG
JY_L01_308_UBE2D3,ATTTTGCCCCTGGTTCTTCCACCTTGTTGGACGAGTGGCGGAAACCCTTgtttaagaGCTAAGCTGCCAGTTCATTTCTTAGGG
JY_L01_309_UBE2D3,ATTTTGCCCCTGGTTCTTCCACCTTGTTGGCGTGCGCGTGAGCCCCGTAgtttaagaGCTAAGCTGCCAGTTCATTTCTTAGGG
JY_L01_310_UBXN10,ATTTTGCCCCTGGTTCTTCCACCTTGTTGGCGGAACGGCTAGGTGAGAGgtttaagaGCTAAGCTGCCAGTTCATTTCTTAGGG
JY_L01_311_UBXN10,ATTTTGCCCCTGGTTCTTCCACCTTGTTGGCGGATGGAGCGGAACGGCTgtttaagaGCTAAGCTGCCAGTTCATTTCTTAGGG
JY_L01_312_UBXN10,ATTTTGCCCCTGGTTCTTCCACCTTGTTGGTACCAGCAGGACAGAGCCCgtttaagaGCTAAGCTGCCAGTTCATTTCTTAGGG
JY_L01_313_VAMP4,ATTTTGCCCCTGGTTCTTCCACCTTGTTGGCGATCGGCTCGATGAGCGGgtttaagaGCTAAGCTGCCAGTTCATTTCTTAGGG
JY_L01_314_VAMP4,ATTTTGCCCCTGGTTCTTCCACCTTGTTGGCGCCGATCGGCTCGATGAGgtttaagaGCTAAGCTGCCAGTTCATTTCTTAGGG
JY_L01_315_VAMP4,ATTTTGCCCCTGGTTCTTCCACCTTGTTGGGCTGGGAGGGGGAGACAGTgtttaagaGCTAAGCTGCCAGTTCATTTCTTAGGG
JY_L01_316_WWOX,ATTTTGCCCCTGGTTCTTCCACCTTGTTGGCGCAGTGCGCAGGCGTGAGgtttaagaGCTAAGCTGCCAGTTCATTTCTTAGGG
JY_L01_317_WWOX,ATTTTGCCCCTGGTTCTTCCACCTTGTTGGGAGCGAGTGGACCCGGCAGgtttaagaGCTAAGCTGCCAGTTCATTTCTTAGGG
JY_L01_318_WWOX,ATTTTGCCCCTGGTTCTTCCACCTTGTTGGGAGTGAGTTCCTGAGCGAGgtttaagaGCTAAGCTGCCAGTTCATTTCTTAGGG
JY_L01_319_ZFP36L1,ATTTTGCCCCTGGTTCTTCCACCTTGTTGGGTGGGACTCCAGACAGGAGgtttaagaGCTAAGCTGCCAGTTCATTTCTTAGGG
JY_L01_320_ZFP36L1,ATTTTGCCCCTGGTTCTTCCACCTTGTTGGAGGCGCAGCCTCTCCTGTCgtttaagaGCTAAGCTGCCAGTTCATTTCTTAGGG
JY_L01_321_ZFP36L1,ATTTTGCCCCTGGTTCTTCCACCTTGTTGGCCGGAGTCAGAAAGGCGAGgtttaagaGCTAAGCTGCCAGTTCATTTCTTAGGG
JY_L01_322_ZMIZ2,ATTTTGCCCCTGGTTCTTCCACCTTGTTGGATTGTGCCCTcggagcggggtttaagaGCTAAGCTGCCAGTTCATTTCTTAGGG
JY_L01_323_ZMIZ2,ATTTTGCCCCTGGTTCTTCCACCTTGTTGGGCGAGCAGGAAGAGCGCAGgtttaagaGCTAAGCTGCCAGTTCATTTCTTAGGG
JY_L01_324_ZMIZ2,ATTTTGCCCCTGGTTCTTCCACCTTGTTGGCCGCTGCGGCGCCACGGTAgtttaagaGCTAAGCTGCCAGTTCATTTCTTAGGG
JY_L01_325_ZNF169,ATTTTGCCCCTGGTTCTTCCACCTTGTTGGAGCTCACCAGAACTGTGAAgtttaagaGCTAAGCTGCCAGTTCATTTCTTAGGG
JY_L01_326_ZNF169,ATTTTGCCCCTGGTTCTTCCACCTTGTTGGTGGTGAGCTAGCCCGGAGGgtttaagaGCTAAGCTGCCAGTTCATTTCTTAGGG
JY_L01_327_ZNF169,ATTTTGCCCCTGGTTCTTCCACCTTGTTGGTTCTGGTGAGCTAGCCCGGgtttaagaGCTAAGCTGCCAGTTCATTTCTTAGGG
JY_L01_328_ZNF74,ATTTTGCCCCTGGTTCTTCCACCTTGTTGGCAGACCGGACTCCCACAAAgtttaagaGCTAAGCTGCCAGTTCATTTCTTAGGG
JY_L01_329_ZNF74,ATTTTGCCCCTGGTTCTTCCACCTTGTTGGTGCCGGTCCCTCAGACCGTgtttaagaGCTAAGCTGCCAGTTCATTTCTTAGGG
JY_L01_330_ZNF74,ATTTTGCCCCTGGTTCTTCCACCTTGTTGGGCAGTCGCAGTCCTTTTGTgtttaagaGCTAAGCTGCCAGTTCATTTCTTAGGG
JY_L01_331_ZNF83,ATTTTGCCCCTGGTTCTTCCACCTTGTTGGAGAGCGAAACTCACCGCCAgtttaagaGCTAAGCTGCCAGTTCATTTCTTAGGG
JY_L01_332_ZNF83,ATTTTGCCCCTGGTTCTTCCACCTTGTTGGTGGAGTGAAAGTTACACCGgtttaagaGCTAAGCTGCCAGTTCATTTCTTAGGG
JY_L01_333_ZNF83,ATTTTGCCCCTGGTTCTTCCACCTTGTTGGAGTGAAAGTTACACCGTGGgtttaagaGCTAAGCTGCCAGTTCATTTCTTAGGG
JY_L01_334_ZNF83,ATTTTGCCCCTGGTTCTTCCACCTTGTTGGTAAAGAGCACTGTAATATGgtttaagaGCTAAGCTGCCAGTTCATTTCTTAGGG
JY_L01_335_ZNF83,ATTTTGCCCCTGGTTCTTCCACCTTGTTGGTGAGGACGATAGAACGATTgtttaagaGCTAAGCTGCCAGTTCATTTCTTAGGG
MK_gRNA_AARS_1,TCACAACTACACCAGAAGCCACCTTGTTGGCCCTTGGCGGGGGACTCTGGTTTAAGAGCTAAGCGCAACACTTTGACGAAGA
MK_gRNA_AARS_2,TCACAACTACACCAGAAGCCACCTTGTTGGCGGCGACCCTAGGAGAGGTGTTTAAGAGCTAAGCGCAACACTTTGACGAAGA
MK_gRNA_AGGF1_1,TCACAACTACACCAGAAGCCACCTTGTTGGTAAGCAGTCGGAAAACCAGGTTTAAGAGCTAAGCGCAACACTTTGACGAAGA
MK_gRNA_AGGF1_2,TCACAACTACACCAGAAGCCACCTTGTTGGTCTCCAGCTACAGAGACAGGTTTAAGAGCTAAGCGCAACACTTTGACGAAGA
MK_gRNA_AKAP8L_1,TCACAACTACACCAGAAGCCACCTTGTTGGCCACCTGTGTAGCTCATGGGTTTAAGAGCTAAGCGCAACACTTTGACGAAGA
MK_gRNA_AKAP8L_2,TCACAACTACACCAGAAGCCACCTTGTTGGCCGCCACCATGAGCTACACGTTTAAGAGCTAAGCGCAACACTTTGACGAAGA
MK_gRNA_ANKHD1_1,TCACAACTACACCAGAAGCCACCTTGTTGGGAACGAGAAGAGCAGCAAGGTTTAAGAGCTAAGCGCAACACTTTGACGAAGA
MK_gRNA_ANKHD1_2,TCACAACTACACCAGAAGCCACCTTGTTGGTTAGGCAGTGAGAAGTTAGGTTTAAGAGCTAAGCGCAACACTTTGACGAAGA
MK_gRNA_BUD13_1,TCACAACTACACCAGAAGCCACCTTGTTGGACTCGGCCTTGGAAAGCGGGTTTAAGAGCTAAGCGCAACACTTTGACGAAGA
MK_gRNA_BUD13_2,TCACAACTACACCAGAAGCCACCTTGTTGGGATACTCGGCCTTGGAAAGGTTTAAGAGCTAAGCGCAACACTTTGACGAAGA
MK_gRNA_CNOT4_1,TCACAACTACACCAGAAGCCACCTTGTTGGGGGCCACCATCTTACATTAGTTTAAGAGCTAAGCGCAACACTTTGACGAAGA
MK_gRNA_CNOT4_2,TCACAACTACACCAGAAGCCACCTTGTTGGAGGCGGGTGAGTCTATGCGGTTTAAGAGCTAAGCGCAACACTTTGACGAAGA
MK_gRNA_CPEB2_1,TCACAACTACACCAGAAGCCACCTTGTTGGTAAGCGGCCAGggcggctaGTTTAAGAGCTAAGCGCAACACTTTGACGAAGA
MK_gRNA_CPEB2_2,TCACAACTACACCAGAAGCCACCTTGTTGGgcggctacggcgactgcgaGTTTAAGAGCTAAGCGCAACACTTTGACGAAGA
MK_gRNA_CSTF2T_1,TCACAACTACACCAGAAGCCACCTTGTTGGAGTTTGGCGGTGAGAGACCGTTTAAGAGCTAAGCGCAACACTTTGACGAAGA
MK_gRNA_CSTF2T_2,TCACAACTACACCAGAAGCCACCTTGTTGGGCCTCGAAGAATCCGCTATGTTTAAGAGCTAAGCGCAACACTTTGACGAAGA
MK_gRNA_DAZAP1_1,TCACAACTACACCAGAAGCCACCTTGTTGGGCGCCGACGAGATCGGGTGGTTTAAGAGCTAAGCGCAACACTTTGACGAAGA
MK_gRNA_DAZAP1_2,TCACAACTACACCAGAAGCCACCTTGTTGGGCCCGGATCTGCGCAAcggGTTTAAGAGCTAAGCGCAACACTTTGACGAAGA
MK_gRNA_DDX24_1,TCACAACTACACCAGAAGCCACCTTGTTGGAGCAGCAACTGCAGTTCCGGTTTAAGAGCTAAGCGCAACACTTTGACGAAGA
MK_gRNA_DDX24_2,TCACAACTACACCAGAAGCCACCTTGTTGGGGTACAGCGGCGGTTTCTGGTTTAAGAGCTAAGCGCAACACTTTGACGAAGA
MK_gRNA_DDX3X_1,TCACAACTACACCAGAAGCCACCTTGTTGGATCTGCCTAGCTCCCACTAGTTTAAGAGCTAAGCGCAACACTTTGACGAAGA
MK_gRNA_DDX3X_2,TCACAACTACACCAGAAGCCACCTTGTTGGCCCTCTCACGGGAGAACTGGTTTAAGAGCTAAGCGCAACACTTTGACGAAGA
MK_gRNA_DDX42_1,TCACAACTACACCAGAAGCCACCTTGTTGGGCGGGCGCGGAGCGAATCCGTTTAAGAGCTAAGCGCAACACTTTGACGAAGA
MK_gRNA_DDX42_2,TCACAACTACACCAGAAGCCACCTTGTTGGCAGCGCGTACTTTGGGCTCGTTTAAGAGCTAAGCGCAACACTTTGACGAAGA
MK_gRNA_DDX55_1,TCACAACTACACCAGAAGCCACCTTGTTGGCTGGGCGCGCTGCGGGAGCGTTTAAGAGCTAAGCGCAACACTTTGACGAAGA
MK_gRNA_DDX55_2,TCACAACTACACCAGAAGCCACCTTGTTGGTCCCTGGCGTGGGGGAGTGGTTTAAGAGCTAAGCGCAACACTTTGACGAAGA
MK_gRNA_DDX6_1,TCACAACTACACCAGAAGCCACCTTGTTGGcgggCGGAGGTTTCCGAGGGTTTAAGAGCTAAGCGCAACACTTTGACGAAGA
MK_gRNA_DDX6_2,TCACAACTACACCAGAAGCCACCTTGTTGGgagaggaggccgtagcgagGTTTAAGAGCTAAGCGCAACACTTTGACGAAGA
MK_gRNA_DGCR8_1,TCACAACTACACCAGAAGCCACCTTGTTGGGTCCAGGCTCTCCGGTCGCGTTTAAGAGCTAAGCGCAACACTTTGACGAAGA
MK_gRNA_DGCR8_2,TCACAACTACACCAGAAGCCACCTTGTTGGGCAGGCGGGTGCCGGCGACGTTTAAGAGCTAAGCGCAACACTTTGACGAAGA
MK_gRNA_DHX30_1,TCACAACTACACCAGAAGCCACCTTGTTGGGCGGCCGCTAGGAGACTCAGTTTAAGAGCTAAGCGCAACACTTTGACGAAGA
MK_gRNA_DHX30_2,TCACAACTACACCAGAAGCCACCTTGTTGGGTCGGCGGGAGCACGATGGGTTTAAGAGCTAAGCGCAACACTTTGACGAAGA
MK_gRNA_DROSHA_1,TCACAACTACACCAGAAGCCACCTTGTTGGAAAGCCAGGCTACTACCGCGTTTAAGAGCTAAGCGCAACACTTTGACGAAGA
MK_gRNA_DROSHA_2,TCACAACTACACCAGAAGCCACCTTGTTGGACCGCAGGTACCAAGACAGGTTTAAGAGCTAAGCGCAACACTTTGACGAAGA
MK_gRNA_EFTUD2_1,TCACAACTACACCAGAAGCCACCTTGTTGGGCGGGTCAGCGGCACGGAAGTTTAAGAGCTAAGCGCAACACTTTGACGAAGA
MK_gRNA_EFTUD2_2,TCACAACTACACCAGAAGCCACCTTGTTGGGGGGCGGAAGCACGATCTCGTTTAAGAGCTAAGCGCAACACTTTGACGAAGA
MK_gRNA_EIF4G2_1,TCACAACTACACCAGAAGCCACCTTGTTGGAGTCGGAGCTCTATGGAGGGTTTAAGAGCTAAGCGCAACACTTTGACGAAGA
MK_gRNA_EIF4G2_2,TCACAACTACACCAGAAGCCACCTTGTTGGGTGGCAGCTGCTGAGTTCTGTTTAAGAGCTAAGCGCAACACTTTGACGAAGA
MK_gRNA_ELAVL1_1,TCACAACTACACCAGAAGCCACCTTGTTGGCCTTCGGCGGCGCCCGAcgGTTTAAGAGCTAAGCGCAACACTTTGACGAAGA
MK_gRNA_ELAVL1_2,TCACAACTACACCAGAAGCCACCTTGTTGGCGGGTCGTGCGCGCTGAGGGTTTAAGAGCTAAGCGCAACACTTTGACGAAGA
MK_gRNA_EWSR1_1,TCACAACTACACCAGAAGCCACCTTGTTGGCGTCCACGGGTGAGTATGGGTTTAAGAGCTAAGCGCAACACTTTGACGAAGA
MK_gRNA_EWSR1_2,TCACAACTACACCAGAAGCCACCTTGTTGGGTTCCACCATACTCACCCGGTTTAAGAGCTAAGCGCAACACTTTGACGAAGA
MK_gRNA_FAM120A_1,TCACAACTACACCAGAAGCCACCTTGTTGGGGCCTCGGCCTCgcagcggGTTTAAGAGCTAAGCGCAACACTTTGACGAAGA
MK_gRNA_FAM120A_2,TCACAACTACACCAGAAGCCACCTTGTTGGCCAGGGCCATGTCTGGGGAGTTTAAGAGCTAAGCGCAACACTTTGACGAAGA
MK_gRNA_FASTKD2_1,TCACAACTACACCAGAAGCCACCTTGTTGGCTGCTCCTGTACGTAGTCAGTTTAAGAGCTAAGCGCAACACTTTGACGAAGA
MK_gRNA_FASTKD2_2,TCACAACTACACCAGAAGCCACCTTGTTGGAGGACGAGCTTGGGCTTAGGTTTAAGAGCTAAGCGCAACACTTTGACGAAGA
MK_gRNA_FMR1_1,TCACAACTACACCAGAAGCCACCTTGTTGGCTCAGAGGCGGCCCTCCACGTTTAAGAGCTAAGCGCAACACTTTGACGAAGA
MK_gRNA_FMR1_2,TCACAACTACACCAGAAGCCACCTTGTTGGcggcccgccgccCGCTCAGGTTTAAGAGCTAAGCGCAACACTTTGACGAAGA
MK_gRNA_FTO_1,TCACAACTACACCAGAAGCCACCTTGTTGGCAGCTTGCGGTGGCGAAGGGTTTAAGAGCTAAGCGCAACACTTTGACGAAGA
MK_gRNA_FTO_2,TCACAACTACACCAGAAGCCACCTTGTTGGGTGGCGAAGGCGGCTTTAGGTTTAAGAGCTAAGCGCAACACTTTGACGAAGA
MK_gRNA_FXR1_1,TCACAACTACACCAGAAGCCACCTTGTTGGGAGGTTCGCGGCTCTAACGGTTTAAGAGCTAAGCGCAACACTTTGACGAAGA
MK_gRNA_FXR1_2,TCACAACTACACCAGAAGCCACCTTGTTGGTCCAACATGGCGGAGCTGAGTTTAAGAGCTAAGCGCAACACTTTGACGAAGA
MK_gRNA_FXR2_1,TCACAACTACACCAGAAGCCACCTTGTTGGgcagcggGTCCCGGGACTGGTTTAAGAGCTAAGCGCAACACTTTGACGAAGA
MK_gRNA_FXR2_2,TCACAACTACACCAGAAGCCACCTTGTTGGGCCCCCGGCGTCTCCCCGGGTTTAAGAGCTAAGCGCAACACTTTGACGAAGA
MK_gRNA_GEMIN5_1,TCACAACTACACCAGAAGCCACCTTGTTGGGCGTGAGGCTACGAGCGGTGTTTAAGAGCTAAGCGCAACACTTTGACGAAGA
MK_gRNA_GEMIN5_2,TCACAACTACACCAGAAGCCACCTTGTTGGTAGCCTCACGCCTTAGGTAGTTTAAGAGCTAAGCGCAACACTTTGACGAAGA
MK_gRNA_GPKOW_1,TCACAACTACACCAGAAGCCACCTTGTTGGCCACCGCAGAGATTTCCAAGTTTAAGAGCTAAGCGCAACACTTTGACGAAGA
MK_gRNA_GPKOW_2,TCACAACTACACCAGAAGCCACCTTGTTGGGTGAAGCCGAATGAAATTGGTTTAAGAGCTAAGCGCAACACTTTGACGAAGA
MK_gRNA_GTF2F1_1,TCACAACTACACCAGAAGCCACCTTGTTGGGAGCGAGGACCCCAACCCTGTTTAAGAGCTAAGCGCAACACTTTGACGAAGA
MK_gRNA_GTF2F1_2,TCACAACTACACCAGAAGCCACCTTGTTGGGCCAGAGGCGCCTAGGGTTGTTTAAGAGCTAAGCGCAACACTTTGACGAAGA
MK_gRNA_HNRNPA1_1,TCACAACTACACCAGAAGCCACCTTGTTGGAGAGAGGGCGAAGGTAGGCGTTTAAGAGCTAAGCGCAACACTTTGACGAAGA
MK_gRNA_HNRNPA1_2,TCACAACTACACCAGAAGCCACCTTGTTGGAGGCGGGGTAAAAAAGAGAGTTTAAGAGCTAAGCGCAACACTTTGACGAAGA
MK_gRNA_HNRNPC_1,TCACAACTACACCAGAAGCCACCTTGTTGGGACTAGGCCTTCGCCTCGGGTTTAAGAGCTAAGCGCAACACTTTGACGAAGA
MK_gRNA_HNRNPC_2,TCACAACTACACCAGAAGCCACCTTGTTGGGAGGGCCCGGTTAGTTAGGGTTTAAGAGCTAAGCGCAACACTTTGACGAAGA
MK_gRNA_HNRNPCL1_1,TCACAACTACACCAGAAGCCACCTTGTTGGGAAGAGACGAAGACTGAGCGTTTAAGAGCTAAGCGCAACACTTTGACGAAGA
MK_gRNA_HNRNPH2_1,TCACAACTACACCAGAAGCCACCTTGTTGGACCCCTAAGGGTGACCGTAGTTTAAGAGCTAAGCGCAACACTTTGACGAAGA
MK_gRNA_HNRNPH2_2,TCACAACTACACCAGAAGCCACCTTGTTGGTCAAACGGCTATAGCGAGAGTTTAAGAGCTAAGCGCAACACTTTGACGAAGA
MK_gRNA_HNRNPK_1,TCACAACTACACCAGAAGCCACCTTGTTGGGTCTAGCTCCGACCGGCTGGTTTAAGAGCTAAGCGCAACACTTTGACGAAGA
MK_gRNA_HNRNPK_2,TCACAACTACACCAGAAGCCACCTTGTTGGGCGCGAACGAGAAAGGAGGGTTTAAGAGCTAAGCGCAACACTTTGACGAAGA
MK_gRNA_HNRNPM_1,TCACAACTACACCAGAAGCCACCTTGTTGGGCGACGGAGATCAAAATGGGTTTAAGAGCTAAGCGCAACACTTTGACGAAGA
MK_gRNA_HNRNPM_2,TCACAACTACACCAGAAGCCACCTTGTTGGCCAGACGCGGAGAAAATGGGTTTAAGAGCTAAGCGCAACACTTTGACGAAGA
MK_gRNA_IGF2BP1_1,TCACAACTACACCAGAAGCCACCTTGTTGGGTCCGAAACCCCTCCGAGAGTTTAAGAGCTAAGCGCAACACTTTGACGAAGA
MK_gRNA_IGF2BP1_2,TCACAACTACACCAGAAGCCACCTTGTTGGGGAGGGGTTTCGGACCGAAGTTTAAGAGCTAAGCGCAACACTTTGACGAAGA
MK_gRNA_IGF2BP2_1,TCACAACTACACCAGAAGCCACCTTGTTGGcggaggaggaggagagacgGTTTAAGAGCTAAGCGCAACACTTTGACGAAGA
MK_gRNA_IGF2BP2_2,TCACAACTACACCAGAAGCCACCTTGTTGGTCTCTTCCCCGAGAGCCCGGTTTAAGAGCTAAGCGCAACACTTTGACGAAGA
MK_gRNA_IGF2BP3_1,TCACAACTACACCAGAAGCCACCTTGTTGGCCGCCTCCTCCTAAGACTTGTTTAAGAGCTAAGCGCAACACTTTGACGAAGA
MK_gRNA_IGF2BP3_2,TCACAACTACACCAGAAGCCACCTTGTTGGTAAGACTTAGGAAGACTGGGTTTAAGAGCTAAGCGCAACACTTTGACGAAGA
MK_gRNA_ILF3_1,TCACAACTACACCAGAAGCCACCTTGTTGGGAGGAGGAGTCCGGACCGGGTTTAAGAGCTAAGCGCAACACTTTGACGAAGA
MK_gRNA_ILF3_2,TCACAACTACACCAGAAGCCACCTTGTTGGCCCAACCCAAATGGGAGGGGTTTAAGAGCTAAGCGCAACACTTTGACGAAGA
MK_gRNA_KHDRBS1_1,TCACAACTACACCAGAAGCCACCTTGTTGGTTCTCCGCGGAGAAACCCAGTTTAAGAGCTAAGCGCAACACTTTGACGAAGA
MK_gRNA_KHDRBS1_2,TCACAACTACACCAGAAGCCACCTTGTTGGACCGGCTCATGCGCGCGGCGTTTAAGAGCTAAGCGCAACACTTTGACGAAGA
MK_gRNA_KHDRBS2_1,TCACAACTACACCAGAAGCCACCTTGTTGGCGAGCGAGGGACGACGGAAGTTTAAGAGCTAAGCGCAACACTTTGACGAAGA
MK_gRNA_KHDRBS2_2,TCACAACTACACCAGAAGCCACCTTGTTGGCTGCGCGAGCGAGGGACGAGTTTAAGAGCTAAGCGCAACACTTTGACGAAGA
MK_gRNA_KHSRP_1,TCACAACTACACCAGAAGCCACCTTGTTGGggcggcggcggcTCAACGCGTTTAAGAGCTAAGCGCAACACTTTGACGAAGA
MK_gRNA_KHSRP_2,TCACAACTACACCAGAAGCCACCTTGTTGGGcggcTCAACGCGGGAACAGTTTAAGAGCTAAGCGCAACACTTTGACGAAGA
MK_gRNA_LIN28B_1,TCACAACTACACCAGAAGCCACCTTGTTGGATCACAAATTTAGCTCGCAGTTTAAGAGCTAAGCGCAACACTTTGACGAAGA
MK_gRNA_LIN28B_2,TCACAACTACACCAGAAGCCACCTTGTTGGCCAGCCCCTTAAGGATACGGTTTAAGAGCTAAGCGCAACACTTTGACGAAGA
MK_gRNA_LSM11_1,TCACAACTACACCAGAAGCCACCTTGTTGGCCCGCAAGCCGAGGCCGATGTTTAAGAGCTAAGCGCAACACTTTGACGAAGA
MK_gRNA_LSM11_2,TCACAACTACACCAGAAGCCACCTTGTTGGGAACGAAGCCGCCAGAGGGGTTTAAGAGCTAAGCGCAACACTTTGACGAAGA
MK_gRNA_METAP2_1,TCACAACTACACCAGAAGCCACCTTGTTGGCCTCCGGGAGCCACCTGAAGTTTAAGAGCTAAGCGCAACACTTTGACGAAGA
MK_gRNA_METAP2_2,TCACAACTACACCAGAAGCCACCTTGTTGGGCTCTCTCGGGCAACATGGGTTTAAGAGCTAAGCGCAACACTTTGACGAAGA
MK_gRNA_MSI1_1,TCACAACTACACCAGAAGCCACCTTGTTGGGGGCGCGTCAGTCTCCATCGTTTAAGAGCTAAGCGCAACACTTTGACGAAGA
MK_gRNA_MSI1_2,TCACAACTACACCAGAAGCCACCTTGTTGGgCTCGGCGCGGGGCAGATGGTTTAAGAGCTAAGCGCAACACTTTGACGAAGA
MK_gRNA_MTPAP_1,TCACAACTACACCAGAAGCCACCTTGTTGGACGGAACTACAGGGCAAACGTTTAAGAGCTAAGCGCAACACTTTGACGAAGA
MK_gRNA_MTPAP_2,TCACAACTACACCAGAAGCCACCTTGTTGGCTTCAGGGAGCGTGGAGACGTTTAAGAGCTAAGCGCAACACTTTGACGAAGA
MK_gRNA_NCBP2_1,TCACAACTACACCAGAAGCCACCTTGTTGGAGAGAAGCGGACCACAATGGTTTAAGAGCTAAGCGCAACACTTTGACGAAGA
MK_gRNA_NCBP2_2,TCACAACTACACCAGAAGCCACCTTGTTGGCTGCGCAGCGACTCCTACGGTTTAAGAGCTAAGCGCAACACTTTGACGAAGA
MK_gRNA_NONO_1,TCACAACTACACCAGAAGCCACCTTGTTGGGGCAGAGACAAGGCCTCAAGTTTAAGAGCTAAGCGCAACACTTTGACGAAGA
MK_gRNA_NONO_2,TCACAACTACACCAGAAGCCACCTTGTTGGGCTAGGGCGAAGCTAGGTTGTTTAAGAGCTAAGCGCAACACTTTGACGAAGA
MK_gRNA_PABPC1_1,TCACAACTACACCAGAAGCCACCTTGTTGGACTAACCGCCGGGGAGAAGGTTTAAGAGCTAAGCGCAACACTTTGACGAAGA
MK_gRNA_PABPC1_2,TCACAACTACACCAGAAGCCACCTTGTTGGCTCTCAGCACTAACCGCCGGTTTAAGAGCTAAGCGCAACACTTTGACGAAGA
MK_gRNA_PABPC3_1,TCACAACTACACCAGAAGCCACCTTGTTGGCTCTACTCCTGTAACGGAAGTTTAAGAGCTAAGCGCAACACTTTGACGAAGA
MK_gRNA_PABPC3_2,TCACAACTACACCAGAAGCCACCTTGTTGGAGCACCCCCAGCTACCCAAGTTTAAGAGCTAAGCGCAACACTTTGACGAAGA
MK_gRNA_PABPC4_1,TCACAACTACACCAGAAGCCACCTTGTTGGAGGCTGCGAAGCCCGAAAGGTTTAAGAGCTAAGCGCAACACTTTGACGAAGA
MK_gRNA_PABPC4_2,TCACAACTACACCAGAAGCCACCTTGTTGGAGGCGGCAGCGACCCGGGGGTTTAAGAGCTAAGCGCAACACTTTGACGAAGA
MK_gRNA_PABPN1_1,TCACAACTACACCAGAAGCCACCTTGTTGGgccatcgccgcTCAGACTGGTTTAAGAGCTAAGCGCAACACTTTGACGAAGA
MK_gRNA_PCBP1_1,TCACAACTACACCAGAAGCCACCTTGTTGGGGGAGTTGGGCTCGTTACGGTTTAAGAGCTAAGCGCAACACTTTGACGAAGA
MK_gRNA_PCBP1_2,TCACAACTACACCAGAAGCCACCTTGTTGGggcgCGGCGGTGGCGACTCGTTTAAGAGCTAAGCGCAACACTTTGACGAAGA
MK_gRNA_PRPF8_1,TCACAACTACACCAGAAGCCACCTTGTTGGACTCGGGTTGCGCACTTCCGTTTAAGAGCTAAGCGCAACACTTTGACGAAGA
MK_gRNA_PRPF8_2,TCACAACTACACCAGAAGCCACCTTGTTGGTCGGGCCGAGTGACCGAAGGTTTAAGAGCTAAGCGCAACACTTTGACGAAGA
MK_gRNA_PTBP1_1,TCACAACTACACCAGAAGCCACCTTGTTGGTCTATAACTCGGAGCCGTTGTTTAAGAGCTAAGCGCAACACTTTGACGAAGA
MK_gRNA_PTBP1_2,TCACAACTACACCAGAAGCCACCTTGTTGGAGACCCGCGGGGGACGGAGGTTTAAGAGCTAAGCGCAACACTTTGACGAAGA
MK_gRNA_PUM2_1,TCACAACTACACCAGAAGCCACCTTGTTGGcGAACCACCGAAGTACCGAGTTTAAGAGCTAAGCGCAACACTTTGACGAAGA
MK_gRNA_PUM2_2,TCACAACTACACCAGAAGCCACCTTGTTGGTCGGTGGTTCggaggaggaGTTTAAGAGCTAAGCGCAACACTTTGACGAAGA
MK_gRNA_QKI_1,TCACAACTACACCAGAAGCCACCTTGTTGGgagCGCAGTCGGAGCGCGGGTTTAAGAGCTAAGCGCAACACTTTGACGAAGA
MK_gRNA_QKI_2,TCACAACTACACCAGAAGCCACCTTGTTGGTCTGGGCTGGTCCCCGCCGGTTTAAGAGCTAAGCGCAACACTTTGACGAAGA
MK_gRNA_RALY_1,TCACAACTACACCAGAAGCCACCTTGTTGGTCCCAGGAGACAGAGAAGGGTTTAAGAGCTAAGCGCAACACTTTGACGAAGA
MK_gRNA_RALY_2,TCACAACTACACCAGAAGCCACCTTGTTGGCGCCCCGCCGCACTGACAGGTTTAAGAGCTAAGCGCAACACTTTGACGAAGA
MK_gRNA_RBFOX1_1,TCACAACTACACCAGAAGCCACCTTGTTGGGAGCTGCCGGTACAATCATGTTTAAGAGCTAAGCGCAACACTTTGACGAAGA
MK_gRNA_RBFOX2_1,TCACAACTACACCAGAAGCCACCTTGTTGGACGCCGGCCGAGGGAGGAAGTTTAAGAGCTAAGCGCAACACTTTGACGAAGA
MK_gRNA_RBFOX2_2,TCACAACTACACCAGAAGCCACCTTGTTGGGTGAGCCAGCGCGGCCGGTGTTTAAGAGCTAAGCGCAACACTTTGACGAAGA
MK_gRNA_RBM15_1,TCACAACTACACCAGAAGCCACCTTGTTGGGTGTGAAACGAGCGCGGGGGTTTAAGAGCTAAGCGCAACACTTTGACGAAGA
MK_gRNA_RBM15_2,TCACAACTACACCAGAAGCCACCTTGTTGGGCCATCTTGGACTCCGCCGGTTTAAGAGCTAAGCGCAACACTTTGACGAAGA
MK_gRNA_RBM22_1,TCACAACTACACCAGAAGCCACCTTGTTGGTAGCTGTAGCTTCCGAATTGTTTAAGAGCTAAGCGCAACACTTTGACGAAGA
MK_gRNA_RBM22_2,TCACAACTACACCAGAAGCCACCTTGTTGGAGCTTCCGAATTGGGAGAGGTTTAAGAGCTAAGCGCAACACTTTGACGAAGA
MK_gRNA_RBM27_1,TCACAACTACACCAGAAGCCACCTTGTTGGGCTGTGAAGGGAACGTGAGGTTTAAGAGCTAAGCGCAACACTTTGACGAAGA
MK_gRNA_RBM27_2,TCACAACTACACCAGAAGCCACCTTGTTGGCAGGCCTGAAGAAGAGCGGGTTTAAGAGCTAAGCGCAACACTTTGACGAAGA
MK_gRNA_RBM4_1,TCACAACTACACCAGAAGCCACCTTGTTGGCGGTCGCCAGCCATTCCTGGTTTAAGAGCTAAGCGCAACACTTTGACGAAGA
MK_gRNA_RBM4_2,TCACAACTACACCAGAAGCCACCTTGTTGGGGCAAGACGTCCGAACGACGTTTAAGAGCTAAGCGCAACACTTTGACGAAGA
MK_gRNA_RBM42_1,TCACAACTACACCAGAAGCCACCTTGTTGGGAGCCCACCCGGACGAAGGGTTTAAGAGCTAAGCGCAACACTTTGACGAAGA
MK_gRNA_RBM42_2,TCACAACTACACCAGAAGCCACCTTGTTGGTCATCCTCGGGAGCCCACCGTTTAAGAGCTAAGCGCAACACTTTGACGAAGA
MK_gRNA_RBM45_1,TCACAACTACACCAGAAGCCACCTTGTTGGGGGTGTGAGACAGCAGCGGGTTTAAGAGCTAAGCGCAACACTTTGACGAAGA
MK_gRNA_RBM45_2,TCACAACTACACCAGAAGCCACCTTGTTGGGCAGAAGCAAAGAGCAGTGGTTTAAGAGCTAAGCGCAACACTTTGACGAAGA
MK_gRNA_RBMS1_1,TCACAACTACACCAGAAGCCACCTTGTTGGGTGCGCCCGATGTGGAGAGGTTTAAGAGCTAAGCGCAACACTTTGACGAAGA
MK_gRNA_RBMS1_2,TCACAACTACACCAGAAGCCACCTTGTTGGTGGTGCCAGGCGGCATCTGGTTTAAGAGCTAAGCGCAACACTTTGACGAAGA
MK_gRNA_SAFB2_1,TCACAACTACACCAGAAGCCACCTTGTTGGCGGTGTGCGACTGAGTCGGGTTTAAGAGCTAAGCGCAACACTTTGACGAAGA
MK_gRNA_SAFB2_2,TCACAACTACACCAGAAGCCACCTTGTTGGCGGCGGTGTGCGACTGAGTGTTTAAGAGCTAAGCGCAACACTTTGACGAAGA
MK_gRNA_SART3_1,TCACAACTACACCAGAAGCCACCTTGTTGGGCGACTGCGGCCGAAACCTGTTTAAGAGCTAAGCGCAACACTTTGACGAAGA
MK_gRNA_SART3_2,TCACAACTACACCAGAAGCCACCTTGTTGGGAACCCGAGGCTGAGTCCAGTTTAAGAGCTAAGCGCAACACTTTGACGAAGA
MK_gRNA_SERBP1_1,TCACAACTACACCAGAAGCCACCTTGTTGGTCGGCGGCGCGTTCCTCCAGTTTAAGAGCTAAGCGCAACACTTTGACGAAGA
MK_gRNA_SERBP1_2,TCACAACTACACCAGAAGCCACCTTGTTGGTGGCCGGGCCGAGAGAGGGGTTTAAGAGCTAAGCGCAACACTTTGACGAAGA
MK_gRNA_SF3B1_1,TCACAACTACACCAGAAGCCACCTTGTTGGAGGCCACTGCCCCGCGTAAGTTTAAGAGCTAAGCGCAACACTTTGACGAAGA
MK_gRNA_SF3B1_2,TCACAACTACACCAGAAGCCACCTTGTTGGGCGACGAGCGGAAGTTCTTGTTTAAGAGCTAAGCGCAACACTTTGACGAAGA
MK_gRNA_SF3B4_1,TCACAACTACACCAGAAGCCACCTTGTTGGCGATCTCCGAGCGGAATCAGTTTAAGAGCTAAGCGCAACACTTTGACGAAGA
MK_gRNA_SF3B4_2,TCACAACTACACCAGAAGCCACCTTGTTGGACCGCTGCTGGGAGACGGCGTTTAAGAGCTAAGCGCAACACTTTGACGAAGA
MK_gRNA_SLTM_1,TCACAACTACACCAGAAGCCACCTTGTTGGGCTGCCACCGCACCGGTAGGTTTAAGAGCTAAGCGCAACACTTTGACGAAGA
MK_gRNA_SLTM_2,TCACAACTACACCAGAAGCCACCTTGTTGGGCCGAGGCTGCCACCGCACGTTTAAGAGCTAAGCGCAACACTTTGACGAAGA
MK_gRNA_SMNDC1_1,TCACAACTACACCAGAAGCCACCTTGTTGGCGACGACAGCAAGGCGACCGTTTAAGAGCTAAGCGCAACACTTTGACGAAGA
MK_gRNA_SMNDC1_2,TCACAACTACACCAGAAGCCACCTTGTTGGAACTCGGTCGGCGGCGAGGGTTTAAGAGCTAAGCGCAACACTTTGACGAAGA
MK_gRNA_SND1_1,TCACAACTACACCAGAAGCCACCTTGTTGGGTAGAACGTGTGGCGGCGGGTTTAAGAGCTAAGCGCAACACTTTGACGAAGA
MK_gRNA_SND1_2,TCACAACTACACCAGAAGCCACCTTGTTGGGCGCGGCGAGTAGAACGTGGTTTAAGAGCTAAGCGCAACACTTTGACGAAGA
MK_gRNA_SRSF1_1,TCACAACTACACCAGAAGCCACCTTGTTGGGCTCGGCGCACGGATATGGGTTTAAGAGCTAAGCGCAACACTTTGACGAAGA
MK_gRNA_SRSF1_2,TCACAACTACACCAGAAGCCACCTTGTTGGGGAGACGTGGTGCCGCTGCGTTTAAGAGCTAAGCGCAACACTTTGACGAAGA
MK_gRNA_SRSF10_1,TCACAACTACACCAGAAGCCACCTTGTTGGCTCGGCCGGGCGCACTAACGTTTAAGAGCTAAGCGCAACACTTTGACGAAGA
MK_gRNA_SRSF10_2,TCACAACTACACCAGAAGCCACCTTGTTGGAAACCGTCCGCGGCTCAGGGTTTAAGAGCTAAGCGCAACACTTTGACGAAGA
MK_gRNA_SRSF7_1,TCACAACTACACCAGAAGCCACCTTGTTGGCGGGACTCTTGGCGGGTGAGTTTAAGAGCTAAGCGCAACACTTTGACGAAGA
MK_gRNA_SRSF7_2,TCACAACTACACCAGAAGCCACCTTGTTGGTGCCGCCGGGACTCTTGGCGTTTAAGAGCTAAGCGCAACACTTTGACGAAGA
MK_gRNA_SRSF9_1,TCACAACTACACCAGAAGCCACCTTGTTGGAACGCGGAGCGGAAGCGAAGTTTAAGAGCTAAGCGCAACACTTTGACGAAGA
MK_gRNA_SRSF9_2,TCACAACTACACCAGAAGCCACCTTGTTGGAGGGGTCGGCGGAGGCAAAGTTTAAGAGCTAAGCGCAACACTTTGACGAAGA
MK_gRNA_TAF15_1,TCACAACTACACCAGAAGCCACCTTGTTGGGGCGGCCGGAGCTGTACTGGTTTAAGAGCTAAGCGCAACACTTTGACGAAGA
MK_gRNA_TAF15_2,TCACAACTACACCAGAAGCCACCTTGTTGGACCTACCCGACATGACTAAGTTTAAGAGCTAAGCGCAACACTTTGACGAAGA
MK_gRNA_TARDBP_1,TCACAACTACACCAGAAGCCACCTTGTTGGGGAAGTCAGCCGTGAGACCGTTTAAGAGCTAAGCGCAACACTTTGACGAAGA
MK_gRNA_TARDBP_2,TCACAACTACACCAGAAGCCACCTTGTTGGCGGCCTAGCGGGTGAGTCGGTTTAAGAGCTAAGCGCAACACTTTGACGAAGA
MK_gRNA_TBRG4_1,TCACAACTACACCAGAAGCCACCTTGTTGGGGCGGCGGATGGAGGTCAGGTTTAAGAGCTAAGCGCAACACTTTGACGAAGA
MK_gRNA_TBRG4_2,TCACAACTACACCAGAAGCCACCTTGTTGGGTTCCGGGGACAGTTAGGGGTTTAAGAGCTAAGCGCAACACTTTGACGAAGA
MK_gRNA_TIA1_1,TCACAACTACACCAGAAGCCACCTTGTTGGTAATTGCCGCCGGAGGAGGGTTTAAGAGCTAAGCGCAACACTTTGACGAAGA
MK_gRNA_TIA1_2,TCACAACTACACCAGAAGCCACCTTGTTGGAAACCCCAATACAAGATGGGTTTAAGAGCTAAGCGCAACACTTTGACGAAGA
MK_gRNA_TNRC6A_1,TCACAACTACACCAGAAGCCACCTTGTTGGagcggGTCGGTGTAGAAAAGTTTAAGAGCTAAGCGCAACACTTTGACGAAGA
MK_gRNA_TNRC6A_2,TCACAACTACACCAGAAGCCACCTTGTTGGCCGCAGGGCCCGCAACCCgGTTTAAGAGCTAAGCGCAACACTTTGACGAAGA
MK_gRNA_TRA2A_1,TCACAACTACACCAGAAGCCACCTTGTTGGACCCGCTGACTGGACCGTGGTTTAAGAGCTAAGCGCAACACTTTGACGAAGA
MK_gRNA_TRA2A_2,TCACAACTACACCAGAAGCCACCTTGTTGGGCTGGAGCCTGCGACCGAGGTTTAAGAGCTAAGCGCAACACTTTGACGAAGA
MK_gRNA_U2AF1_1,TCACAACTACACCAGAAGCCACCTTGTTGGtcggcagggtcggcggcgtGTTTAAGAGCTAAGCGCAACACTTTGACGAAGA
MK_gRNA_U2AF1_2,TCACAACTACACCAGAAGCCACCTTGTTGGgcgtcggcagcagtgtcgaGTTTAAGAGCTAAGCGCAACACTTTGACGAAGA
MK_gRNA_U2AF2_1,TCACAACTACACCAGAAGCCACCTTGTTGGCATGCTGAGGCGGCCGCGTGTTTAAGAGCTAAGCGCAACACTTTGACGAAGA
MK_gRNA_U2AF2_2,TCACAACTACACCAGAAGCCACCTTGTTGGTGAGGCCTTCACGAAGCGGGTTTAAGAGCTAAGCGCAACACTTTGACGAAGA
MK_gRNA_UCHL5_1,TCACAACTACACCAGAAGCCACCTTGTTGGGACGTGTGGTTGACGAGCTGTTTAAGAGCTAAGCGCAACACTTTGACGAAGA
MK_gRNA_UCHL5_2,TCACAACTACACCAGAAGCCACCTTGTTGGCCGGCGGCAGCTGGTGCGGGTTTAAGAGCTAAGCGCAACACTTTGACGAAGA
MK_gRNA_UPF1_1,TCACAACTACACCAGAAGCCACCTTGTTGGgagcggctggcggcttcgaGTTTAAGAGCTAAGCGCAACACTTTGACGAAGA
MK_gRNA_UPF1_2,TCACAACTACACCAGAAGCCACCTTGTTGGttcgaggggagctgaggcgGTTTAAGAGCTAAGCGCAACACTTTGACGAAGA
MK_gRNA_XRCC6_1,TCACAACTACACCAGAAGCCACCTTGTTGGATAACGGCCCGCTTACCTTGTTTAAGAGCTAAGCGCAACACTTTGACGAAGA
MK_gRNA_XRCC6_2,TCACAACTACACCAGAAGCCACCTTGTTGGCCCGCTTACCTTTGGCGCAGTTTAAGAGCTAAGCGCAACACTTTGACGAAGA
MK_gRNA_XRN2_1,TCACAACTACACCAGAAGCCACCTTGTTGGAACGCCGGGACTCCCATAGGTTTAAGAGCTAAGCGCAACACTTTGACGAAGA
MK_gRNA_XRN2_2,TCACAACTACACCAGAAGCCACCTTGTTGGGGACTCCCATAGCGGCACAGTTTAAGAGCTAAGCGCAACACTTTGACGAAGA
MK_gRNA_YBX1_1,TCACAACTACACCAGAAGCCACCTTGTTGGTCGAACTAGCGAGAATGGCGTTTAAGAGCTAAGCGCAACACTTTGACGAAGA
MK_gRNA_YBX1_2,TCACAACTACACCAGAAGCCACCTTGTTGGCTAGCGAGAATGGCGGGACGTTTAAGAGCTAAGCGCAACACTTTGACGAAGA
MK_gRNA_YBX3_1,TCACAACTACACCAGAAGCCACCTTGTTGGGCACCGGCCCGGGAGGGAAGTTTAAGAGCTAAGCGCAACACTTTGACGAAGA
MK_gRNA_YBX3_2,TCACAACTACACCAGAAGCCACCTTGTTGGGGCTGGGCCCGCCCCACTAGTTTAAGAGCTAAGCGCAACACTTTGACGAAGA
MK_gRNA_ZC3H10_1,TCACAACTACACCAGAAGCCACCTTGTTGGGCGGCAGCAGCAACTACGGGTTTAAGAGCTAAGCGCAACACTTTGACGAAGA
MK_gRNA_ZC3H10_2,TCACAACTACACCAGAAGCCACCTTGTTGGTGAGGGAGGCGGGAGACTTGTTTAAGAGCTAAGCGCAACACTTTGACGAAGA
MK_gRNA_ZNF622_1,TCACAACTACACCAGAAGCCACCTTGTTGGCGTGTCGAGTGGCTCTTCCGTTTAAGAGCTAAGCGCAACACTTTGACGAAGA
MK_gRNA_ZNF622_2,TCACAACTACACCAGAAGCCACCTTGTTGGAAGCCCTCGGCGGTCACTGGTTTAAGAGCTAAGCGCAACACTTTGACGAAGA
MK_gRNA_ZRANB2_1,TCACAACTACACCAGAAGCCACCTTGTTGGCCCGCAGCTATGTCTTCACGTTTAAGAGCTAAGCGCAACACTTTGACGAAGA
MK_gRNA_ZRANB2_2,TCACAACTACACCAGAAGCCACCTTGTTGGGCCGCCTCAACCCGTCTTAGTTTAAGAGCTAAGCGCAACACTTTGACGAAGA
