0,COL14A1,GAGCGCAGCGGCagaaggag,1,CTTCTACCGAACATACAGccacCTTGTTGGAGCGCAGCGGCagaaggaggtttaagaGCTAAgctgTCGCGTTATGCTGTATGT
1,COL14A1,GGCCGCCAAGGACCAACTAG,2,CTTCTACCGAACATACAGccacCTTGTTGGGCCGCCAAGGACCAACTAGgtttaagaGCTAAgctgTCGCGTTATGCTGTATGT
2,COL14A1,GCTCCGAGGGAAGAGAGCAA,3,CTTCTACCGAACATACAGccacCTTGTTGGCTCCGAGGGAAGAGAGCAAgtttaagaGCTAAgctgTCGCGTTATGCTGTATGT
3,COL1A1,GTCCTCGGGGTCGGAGCAGG,1,CTTCTACCGAACATACAGccacCTTGTTGGTCCTCGGGGTCGGAGCAGGgtttaagaGCTAAgctgTCGCGTTATGCTGTATGT
4,COL1A1,GGCCAGTCGTCGGAGCAGAC,2,CTTCTACCGAACATACAGccacCTTGTTGGGCCAGTCGTCGGAGCAGACgtttaagaGCTAAgctgTCGCGTTATGCTGTATGT
5,COL1A1,GGTGTGAGGCCACGCATGAG,3,CTTCTACCGAACATACAGccacCTTGTTGGGTGTGAGGCCACGCATGAGgtttaagaGCTAAgctgTCGCGTTATGCTGTATGT
6,COL1A2,GCGGCGGAGGTATCACCTGG,1,CTTCTACCGAACATACAGccacCTTGTTGGCGGCGGAGGTATCACCTGGgtttaagaGCTAAgctgTCGCGTTATGCTGTATGT
7,COL1A2,GCACCGGCGGAGGTATCACC,2,CTTCTACCGAACATACAGccacCTTGTTGGCACCGGCGGAGGTATCACCgtttaagaGCTAAgctgTCGCGTTATGCTGTATGT
8,COL1A2,GACCTCCGCCGGTGACCCAG,3,CTTCTACCGAACATACAGccacCTTGTTGGACCTCCGCCGGTGACCCAGgtttaagaGCTAAgctgTCGCGTTATGCTGTATGT
9,COL3A1,GTGACGGGCCCGGTGCTGAA,1,CTTCTACCGAACATACAGccacCTTGTTGGTGACGGGCCCGGTGCTGAAgtttaagaGCTAAgctgTCGCGTTATGCTGTATGT
10,COL3A1,GCAAAGCAAAGGAATCTCAG,2,CTTCTACCGAACATACAGccacCTTGTTGGCAAAGCAAAGGAATCTCAGgtttaagaGCTAAgctgTCGCGTTATGCTGTATGT
11,COL3A1,GAGGGCAGGGAACAACTTGA,3,CTTCTACCGAACATACAGccacCTTGTTGGAGGGCAGGGAACAACTTGAgtttaagaGCTAAgctgTCGCGTTATGCTGTATGT
12,COL5A1,GCCCGCGACCCGCTCCCCGT,1,CTTCTACCGAACATACAGccacCTTGTTGGCCCGCGACCCGCTCCCCGTgtttaagaGCTAAgctgTCGCGTTATGCTGTATGT
13,COL5A1,GGCGCAGGACCTCACTCGAG,2,CTTCTACCGAACATACAGccacCTTGTTGGGCGCAGGACCTCACTCGAGgtttaagaGCTAAgctgTCGCGTTATGCTGTATGT
14,COL5A1,GTGGGCGCTCCGCTCGAGTG,3,CTTCTACCGAACATACAGccacCTTGTTGGTGGGCGCTCCGCTCGAGTGgtttaagaGCTAAgctgTCGCGTTATGCTGTATGT
15,COL5A2,GCTGGAGCTGGTGCTGAAAA,1,CTTCTACCGAACATACAGccacCTTGTTGGCTGGAGCTGGTGCTGAAAAgtttaagaGCTAAgctgTCGCGTTATGCTGTATGT
16,COL5A2,GTGAAAAAGGGGGTTTGCAG,2,CTTCTACCGAACATACAGccacCTTGTTGGTGAAAAAGGGGGTTTGCAGgtttaagaGCTAAgctgTCGCGTTATGCTGTATGT
17,COL5A2,GAAAGCCCAGGAAGAAGACG,3,CTTCTACCGAACATACAGccacCTTGTTGGAAAGCCCAGGAAGAAGACGgtttaagaGCTAAgctgTCGCGTTATGCTGTATGT
18,CTSK,GAGTGTGGGCACACCATCAG,1,CTTCTACCGAACATACAGccacCTTGTTGGAGTGTGGGCACACCATCAGgtttaagaGCTAAgctgTCGCGTTATGCTGTATGT
19,CTSK,GCTGTTGTCTGGCTTCGTTT,2,CTTCTACCGAACATACAGccacCTTGTTGGCTGTTGTCTGGCTTCGTTTgtttaagaGCTAAgctgTCGCGTTATGCTGTATGT
20,CTSK,GCTGATGGAAATCTGTTGTC,3,CTTCTACCGAACATACAGccacCTTGTTGGCTGATGGAAATCTGTTGTCgtttaagaGCTAAgctgTCGCGTTATGCTGTATGT
21,CXCL10,GCTGGAGGTTCCTCTGCTGT,1,CTTCTACCGAACATACAGccacCTTGTTGGCTGGAGGTTCCTCTGCTGTgtttaagaGCTAAgctgTCGCGTTATGCTGTATGT
22,CXCL10,GTGATTCATGGTGCTGAGAC,2,CTTCTACCGAACATACAGccacCTTGTTGGTGATTCATGGTGCTGAGACgtttaagaGCTAAgctgTCGCGTTATGCTGTATGT
23,CXCL10,GGGAATGTCTCAGAAAACGT,3,CTTCTACCGAACATACAGccacCTTGTTGGGGAATGTCTCAGAAAACGTgtttaagaGCTAAgctgTCGCGTTATGCTGTATGT
24,CXCL5,GTGGGTGGAGGAGCGGAGAT,1,CTTCTACCGAACATACAGccacCTTGTTGGTGGGTGGAGGAGCGGAGATgtttaagaGCTAAgctgTCGCGTTATGCTGTATGT
25,CXCL5,GGGTCGCGGGTTCCTGAACT,2,CTTCTACCGAACATACAGccacCTTGTTGGGGTCGCGGGTTCCTGAACTgtttaagaGCTAAgctgTCGCGTTATGCTGTATGT
26,CXCL5,GGTCAAGAGAGCGCTGCGAG,3,CTTCTACCGAACATACAGccacCTTGTTGGGTCAAGAGAGCGCTGCGAGgtttaagaGCTAAgctgTCGCGTTATGCTGTATGT
27,CXCL6,GGTGGAGGCGCGGAGACTGG,1,CTTCTACCGAACATACAGccacCTTGTTGGGTGGAGGCGCGGAGACTGGgtttaagaGCTAAgctgTCGCGTTATGCTGTATGT
28,CXCL6,GTGGTCAAGAGAGGGTTCGC,2,CTTCTACCGAACATACAGccacCTTGTTGGTGGTCAAGAGAGGGTTCGCgtttaagaGCTAAgctgTCGCGTTATGCTGTATGT
29,CXCL6,GGGCTCATAGTGGTCAAGAG,3,CTTCTACCGAACATACAGccacCTTGTTGGGGCTCATAGTGGTCAAGAGgtttaagaGCTAAgctgTCGCGTTATGCTGTATGT
30,CYTIP,GGATCACTCCAGCTAGCACA,1,CTTCTACCGAACATACAGccacCTTGTTGGGATCACTCCAGCTAGCACAgtttaagaGCTAAgctgTCGCGTTATGCTGTATGT
31,CYTIP,GCAAATGCTAGCAGACACGG,2,CTTCTACCGAACATACAGccacCTTGTTGGCAAATGCTAGCAGACACGGgtttaagaGCTAAgctgTCGCGTTATGCTGTATGT
32,CYTIP,GCACAGCAGCAATGGCAATT,3,CTTCTACCGAACATACAGccacCTTGTTGGCACAGCAGCAATGGCAATTgtttaagaGCTAAgctgTCGCGTTATGCTGTATGT
33,EBF1,GAATGATCACAGGCCGGTGG,1,CTTCTACCGAACATACAGccacCTTGTTGGAATGATCACAGGCCGGTGGgtttaagaGCTAAgctgTCGCGTTATGCTGTATGT
34,EBF1,GtGTAATGATCACAGGCCGG,2,CTTCTACCGAACATACAGccacCTTGTTGGtGTAATGATCACAGGCCGGgtttaagaGCTAAgctgTCGCGTTATGCTGTATGT
35,EBF1,GCTCCGGCCGCAGGCGACGA,3,CTTCTACCGAACATACAGccacCTTGTTGGCTCCGGCCGCAGGCGACGAgtttaagaGCTAAgctgTCGCGTTATGCTGTATGT
36,ECM2,GCTGGAGATCTAAACTAAGT,1,CTTCTACCGAACATACAGccacCTTGTTGGCTGGAGATCTAAACTAAGTgtttaagaGCTAAgctgTCGCGTTATGCTGTATGT
37,ECM2,GTACAAGGTCTGAAATACTT,2,CTTCTACCGAACATACAGccacCTTGTTGGTACAAGGTCTGAAATACTTgtttaagaGCTAAgctgTCGCGTTATGCTGTATGT
38,ECM2,GAAACTAAGTAGGCTTTGCT,3,CTTCTACCGAACATACAGccacCTTGTTGGAAACTAAGTAGGCTTTGCTgtttaagaGCTAAgctgTCGCGTTATGCTGTATGT
39,EGR1,Gtggctgcggcggcggatgg,1,CTTCTACCGAACATACAGccacCTTGTTGGtggctgcggcggcggatgggtttaagaGCTAAgctgTCGCGTTATGCTGTATGT
40,EGR1,GATCCCAGCGCGCAGAACTT,2,CTTCTACCGAACATACAGccacCTTGTTGGATCCCAGCGCGCAGAACTTgtttaagaGCTAAgctgTCGCGTTATGCTGTATGT
41,EGR1,GTCAAATAGAGGCGGATCCG,3,CTTCTACCGAACATACAGccacCTTGTTGGTCAAATAGAGGCGGATCCGgtttaagaGCTAAgctgTCGCGTTATGCTGTATGT
42,EGR2,GCAGCAGCCGGAACACAGAC,1,CTTCTACCGAACATACAGccacCTTGTTGGCAGCAGCCGGAACACAGACgtttaagaGCTAAgctgTCGCGTTATGCTGTATGT
43,EGR2,GACACTACACCAGCAACTCC,2,CTTCTACCGAACATACAGccacCTTGTTGGACACTACACCAGCAACTCCgtttaagaGCTAAgctgTCGCGTTATGCTGTATGT
44,EGR2,GAAGATGGTCACCGACGTGG,3,CTTCTACCGAACATACAGccacCTTGTTGGAAGATGGTCACCGACGTGGgtttaagaGCTAAgctgTCGCGTTATGCTGTATGT
45,ETV1,GAGGCGCTTTCGGCTTCCAA,1,CTTCTACCGAACATACAGccacCTTGTTGGAGGCGCTTTCGGCTTCCAAgtttaagaGCTAAgctgTCGCGTTATGCTGTATGT
46,ETV1,GCCTAACGGGACTAAAGAGA,2,CTTCTACCGAACATACAGccacCTTGTTGGCCTAACGGGACTAAAGAGAgtttaagaGCTAAgctgTCGCGTTATGCTGTATGT
47,ETV1,GAAGCAGAGTCGCCCTACAG,3,CTTCTACCGAACATACAGccacCTTGTTGGAAGCAGAGTCGCCCTACAGgtttaagaGCTAAgctgTCGCGTTATGCTGTATGT
48,FAM107A,GCAGGTCGAGTCCTTGGGAA,1,CTTCTACCGAACATACAGccacCTTGTTGGCAGGTCGAGTCCTTGGGAAgtttaagaGCTAAgctgTCGCGTTATGCTGTATGT
49,FAM107A,GAAGTCAGGAGCGTGTTGCT,2,CTTCTACCGAACATACAGccacCTTGTTGGAAGTCAGGAGCGTGTTGCTgtttaagaGCTAAgctgTCGCGTTATGCTGTATGT
50,FAM107A,GCAAGGAGGGCTGCCTCTAG,3,CTTCTACCGAACATACAGccacCTTGTTGGCAAGGAGGGCTGCCTCTAGgtttaagaGCTAAgctgTCGCGTTATGCTGTATGT
51,FAM184B,GACTGCAGACTGATCGCCAG,1,CTTCTACCGAACATACAGccacCTTGTTGGACTGCAGACTGATCGCCAGgtttaagaGCTAAgctgTCGCGTTATGCTGTATGT
52,FAM184B,GGCACCCTGCGGCGAGGCGT,2,CTTCTACCGAACATACAGccacCTTGTTGGGCACCCTGCGGCGAGGCGTgtttaagaGCTAAgctgTCGCGTTATGCTGTATGT
53,FAM184B,GACGAAACCTGCACTGGCTG,3,CTTCTACCGAACATACAGccacCTTGTTGGACGAAACCTGCACTGGCTGgtttaagaGCTAAgctgTCGCGTTATGCTGTATGT
54,FAM26E,GGCTGCTCTGCCAATAACAA,1,CTTCTACCGAACATACAGccacCTTGTTGGGCTGCTCTGCCAATAACAAgtttaagaGCTAAgctgTCGCGTTATGCTGTATGT
55,FAM26E,GGGTCGTGGAGACTCTTCAC,2,CTTCTACCGAACATACAGccacCTTGTTGGGGTCGTGGAGACTCTTCACgtttaagaGCTAAgctgTCGCGTTATGCTGTATGT
56,FAM26E,GCCAACATGGATGCTTTTCA,3,CTTCTACCGAACATACAGccacCTTGTTGGCCAACATGGATGCTTTTCAgtttaagaGCTAAgctgTCGCGTTATGCTGTATGT
57,FAM50A,GCGGGCGTCAGCTGACTGTT,1,CTTCTACCGAACATACAGccacCTTGTTGGCGGGCGTCAGCTGACTGTTgtttaagaGCTAAgctgTCGCGTTATGCTGTATGT
58,FAM50A,GTATTGAGCCATggcagcgg,2,CTTCTACCGAACATACAGccacCTTGTTGGTATTGAGCCATggcagcgggtttaagaGCTAAgctgTCGCGTTATGCTGTATGT
59,FAM50A,GctgccATGGCTCAATACAA,3,CTTCTACCGAACATACAGccacCTTGTTGGctgccATGGCTCAATACAAgtttaagaGCTAAgctgTCGCGTTATGCTGTATGT
60,FAT4,GGAGCCTGTAGGTGAAGCCG,1,CTTCTACCGAACATACAGccacCTTGTTGGGAGCCTGTAGGTGAAGCCGgtttaagaGCTAAgctgTCGCGTTATGCTGTATGT
61,FAT4,GGAGGGGTCCGGGAAAACGG,2,CTTCTACCGAACATACAGccacCTTGTTGGGAGGGGTCCGGGAAAACGGgtttaagaGCTAAgctgTCGCGTTATGCTGTATGT
62,FAT4,GGGGCAGGCCTGGGTCCACG,3,CTTCTACCGAACATACAGccacCTTGTTGGGGGCAGGCCTGGGTCCACGgtttaagaGCTAAgctgTCGCGTTATGCTGTATGT
63,FBN1,GGGAGCCGCGGCAGAGACTG,1,CTTCTACCGAACATACAGccacCTTGTTGGGGAGCCGCGGCAGAGACTGgtttaagaGCTAAgctgTCGCGTTATGCTGTATGT
64,FBN1,GAGACTGTGGGTGCCACAAG,2,CTTCTACCGAACATACAGccacCTTGTTGGAGACTGTGGGTGCCACAAGgtttaagaGCTAAgctgTCGCGTTATGCTGTATGT
65,FBN1,GAGCCGAGCAGTGGCTGTAG,3,CTTCTACCGAACATACAGccacCTTGTTGGAGCCGAGCAGTGGCTGTAGgtttaagaGCTAAgctgTCGCGTTATGCTGTATGT
66,FGFBP1,GGTCAGGTAGAGTGCAAGGG,1,CTTCTACCGAACATACAGccacCTTGTTGGGTCAGGTAGAGTGCAAGGGgtttaagaGCTAAgctgTCGCGTTATGCTGTATGT
67,FGFBP1,GTGTGTCAGGTAGAGTGCAA,2,CTTCTACCGAACATACAGccacCTTGTTGGTGTGTCAGGTAGAGTGCAAgtttaagaGCTAAgctgTCGCGTTATGCTGTATGT
68,FGFBP1,GGGCAGTGCGAGTGAATTGC,3,CTTCTACCGAACATACAGccacCTTGTTGGGGCAGTGCGAGTGAATTGCgtttaagaGCTAAgctgTCGCGTTATGCTGTATGT
69,FLRT2,GATGCCAAACGCGCAAGTGA,1,CTTCTACCGAACATACAGccacCTTGTTGGATGCCAAACGCGCAAGTGAgtttaagaGCTAAgctgTCGCGTTATGCTGTATGT
70,FLRT2,GTGGGCAGGAGGGACCTCGG,2,CTTCTACCGAACATACAGccacCTTGTTGGTGGGCAGGAGGGACCTCGGgtttaagaGCTAAgctgTCGCGTTATGCTGTATGT
71,FLRT2,GCCACCGAGCCCTGGGATCA,3,CTTCTACCGAACATACAGccacCTTGTTGGCCACCGAGCCCTGGGATCAgtttaagaGCTAAgctgTCGCGTTATGCTGTATGT
72,FOSB,GGACACGCGGAACCAAGACT,1,CTTCTACCGAACATACAGccacCTTGTTGGGACACGCGGAACCAAGACTgtttaagaGCTAAgctgTCGCGTTATGCTGTATGT
73,FOSB,GAGACTCAGAGCTACGGCCA,2,CTTCTACCGAACATACAGccacCTTGTTGGAGACTCAGAGCTACGGCCAgtttaagaGCTAAgctgTCGCGTTATGCTGTATGT
74,FOSB,GCAGAGCTACGGCCACGGCA,3,CTTCTACCGAACATACAGccacCTTGTTGGCAGAGCTACGGCCACGGCAgtttaagaGCTAAgctgTCGCGTTATGCTGTATGT
75,GLT8D2,GGAGTTGCGCTGGCAGAGAG,1,CTTCTACCGAACATACAGccacCTTGTTGGGAGTTGCGCTGGCAGAGAGgtttaagaGCTAAgctgTCGCGTTATGCTGTATGT
76,GLT8D2,GGCGAAGCCGCTGGGAACCC,2,CTTCTACCGAACATACAGccacCTTGTTGGGCGAAGCCGCTGGGAACCCgtttaagaGCTAAgctgTCGCGTTATGCTGTATGT
77,GLT8D2,GTCCCAGCGGCTTCGCGCAG,3,CTTCTACCGAACATACAGccacCTTGTTGGTCCCAGCGGCTTCGCGCAGgtttaagaGCTAAgctgTCGCGTTATGCTGTATGT
78,HEG1,GcggggAAGTGAGCGGAGTG,1,CTTCTACCGAACATACAGccacCTTGTTGGcggggAAGTGAGCGGAGTGgtttaagaGCTAAgctgTCGCGTTATGCTGTATGT
79,HEG1,GCGCGGCGAGGCCATGGTGA,2,CTTCTACCGAACATACAGccacCTTGTTGGCGCGGCGAGGCCATGGTGAgtttaagaGCTAAgctgTCGCGTTATGCTGTATGT
80,HEG1,GCCAGCCCCGCTCCCGCGAG,3,CTTCTACCGAACATACAGccacCTTGTTGGCCAGCCCCGCTCCCGCGAGgtttaagaGCTAAgctgTCGCGTTATGCTGTATGT
81,ID3,GTGGTACCCGGAGTCCCGAG,1,CTTCTACCGAACATACAGccacCTTGTTGGTGGTACCCGGAGTCCCGAGgtttaagaGCTAAgctgTCGCGTTATGCTGTATGT
82,ID3,GGCGTTGCAGGTCACTGTAG,2,CTTCTACCGAACATACAGccacCTTGTTGGGCGTTGCAGGTCACTGTAGgtttaagaGCTAAgctgTCGCGTTATGCTGTATGT
83,ID3,GGACTCACTCCCCAGCATGA,3,CTTCTACCGAACATACAGccacCTTGTTGGGACTCACTCCCCAGCATGAgtttaagaGCTAAgctgTCGCGTTATGCTGTATGT
84,IL17REL,GGCCTGGAGCCGCTGCCACA,1,CTTCTACCGAACATACAGccacCTTGTTGGGCCTGGAGCCGCTGCCACAgtttaagaGCTAAgctgTCGCGTTATGCTGTATGT
85,IL17REL,GAGTGTAGGGGCCTAGGAGG,2,CTTCTACCGAACATACAGccacCTTGTTGGAGTGTAGGGGCCTAGGAGGgtttaagaGCTAAgctgTCGCGTTATGCTGTATGT
86,IL17REL,GAAGTTTGCAGGATGCCCTG,3,CTTCTACCGAACATACAGccacCTTGTTGGAAGTTTGCAGGATGCCCTGgtttaagaGCTAAgctgTCGCGTTATGCTGTATGT
87,IL33,GAAATCAAAACAAGATCACA,1,CTTCTACCGAACATACAGccacCTTGTTGGAAATCAAAACAAGATCACAgtttaagaGCTAAgctgTCGCGTTATGCTGTATGT
88,IL33,GAGTTAAACCTTGGGAACCA,2,CTTCTACCGAACATACAGccacCTTGTTGGAGTTAAACCTTGGGAACCAgtttaagaGCTAAgctgTCGCGTTATGCTGTATGT
89,IL33,GAATTCCATTTGCTTTCCTT,3,CTTCTACCGAACATACAGccacCTTGTTGGAATTCCATTTGCTTTCCTTgtttaagaGCTAAgctgTCGCGTTATGCTGTATGT
90,ITPRIP,GGCCGCTGCAGGCCAGAAGG,1,CTTCTACCGAACATACAGccacCTTGTTGGGCCGCTGCAGGCCAGAAGGgtttaagaGCTAAgctgTCGCGTTATGCTGTATGT
91,ITPRIP,GTGCGGCCCGGCACTTAGAG,2,CTTCTACCGAACATACAGccacCTTGTTGGTGCGGCCCGGCACTTAGAGgtttaagaGCTAAgctgTCGCGTTATGCTGTATGT
92,ITPRIP,GCAGCACACTAGGCTGCCCT,3,CTTCTACCGAACATACAGccacCTTGTTGGCAGCACACTAGGCTGCCCTgtttaagaGCTAAgctgTCGCGTTATGCTGTATGT
93,JAM3,GGAGCGCAGAGCCGGAGTCG,1,CTTCTACCGAACATACAGccacCTTGTTGGGAGCGCAGAGCCGGAGTCGgtttaagaGCTAAgctgTCGCGTTATGCTGTATGT
94,JAM3,GCCCTCAGCAACCCTCGACA,2,CTTCTACCGAACATACAGccacCTTGTTGGCCCTCAGCAACCCTCGACAgtttaagaGCTAAgctgTCGCGTTATGCTGTATGT
95,JAM3,GGAGGCGGCCACCGCGACTC,3,CTTCTACCGAACATACAGccacCTTGTTGGGAGGCGGCCACCGCGACTCgtttaagaGCTAAgctgTCGCGTTATGCTGTATGT
96,JUNB,GGCGGCTGGGACCTTGAGAG,1,CTTCTACCGAACATACAGccacCTTGTTGGGCGGCTGGGACCTTGAGAGgtttaagaGCTAAgctgTCGCGTTATGCTGTATGT
97,JUNB,GGCGCCAGAGAGGGCGACGG,2,CTTCTACCGAACATACAGccacCTTGTTGGGCGCCAGAGAGGGCGACGGgtttaagaGCTAAgctgTCGCGTTATGCTGTATGT
98,JUNB,GCAGCTCCCTGCTGGCTCCG,3,CTTCTACCGAACATACAGccacCTTGTTGGCAGCTCCCTGCTGGCTCCGgtttaagaGCTAAgctgTCGCGTTATGCTGTATGT
99,KCNQ5,GGCGCCGGCGGGTTTCAAGG,1,CTTCTACCGAACATACAGccacCTTGTTGGGCGCCGGCGGGTTTCAAGGgtttaagaGCTAAgctgTCGCGTTATGCTGTATGT
100,KCNQ5,GAGGAAGCCGGCGGCCGACG,2,CTTCTACCGAACATACAGccacCTTGTTGGAGGAAGCCGGCGGCCGACGgtttaagaGCTAAgctgTCGCGTTATGCTGTATGT
101,KCNQ5,GTGGGTGAAGAgcggcgcag,3,CTTCTACCGAACATACAGccacCTTGTTGGTGGGTGAAGAgcggcgcaggtttaagaGCTAAgctgTCGCGTTATGCTGTATGT
102,KCTD12,GGGAGCGCACTGGAACTCAA,1,CTTCTACCGAACATACAGccacCTTGTTGGGGAGCGCACTGGAACTCAAgtttaagaGCTAAgctgTCGCGTTATGCTGTATGT
103,KCTD12,GCAGCGCGCGGGCCGCGACC,2,CTTCTACCGAACATACAGccacCTTGTTGGCAGCGCGCGGGCCGCGACCgtttaagaGCTAAgctgTCGCGTTATGCTGTATGT
104,KCTD12,GAACTCAAGGGGGCGCACAG,3,CTTCTACCGAACATACAGccacCTTGTTGGAACTCAAGGGGGCGCACAGgtttaagaGCTAAgctgTCGCGTTATGCTGTATGT
105,KIAA1462,GGACGCCGGGACTTACCGAG,1,CTTCTACCGAACATACAGccacCTTGTTGGGACGCCGGGACTTACCGAGgtttaagaGCTAAgctgTCGCGTTATGCTGTATGT
106,KIAA1462,GTGGGAGCGGCCCTAATGGA,2,CTTCTACCGAACATACAGccacCTTGTTGGTGGGAGCGGCCCTAATGGAgtttaagaGCTAAgctgTCGCGTTATGCTGTATGT
107,KIAA1462,GgcggcgcgaggcggCATGA,3,CTTCTACCGAACATACAGccacCTTGTTGGgcggcgcgaggcggCATGAgtttaagaGCTAAgctgTCGCGTTATGCTGTATGT
108,KIRREL,GCAGAGGGCGAGGGTCGGTA,1,CTTCTACCGAACATACAGccacCTTGTTGGCAGAGGGCGAGGGTCGGTAgtttaagaGCTAAgctgTCGCGTTATGCTGTATGT
109,KIRREL,GGAGAGTGAGGATCCAGACG,2,CTTCTACCGAACATACAGccacCTTGTTGGGAGAGTGAGGATCCAGACGgtttaagaGCTAAgctgTCGCGTTATGCTGTATGT
110,KIRREL,GAGTGAGGATCCAGACGAGG,3,CTTCTACCGAACATACAGccacCTTGTTGGAGTGAGGATCCAGACGAGGgtttaagaGCTAAgctgTCGCGTTATGCTGTATGT
111,LDB2,GGAGCCCTCTATAGCAGGAg,1,CTTCTACCGAACATACAGccacCTTGTTGGGAGCCCTCTATAGCAGGAggtttaagaGCTAAgctgTCGCGTTATGCTGTATGT
112,LDB2,GGCTGGCTGGGAACTGCTGT,2,CTTCTACCGAACATACAGccacCTTGTTGGGCTGGCTGGGAACTGCTGTgtttaagaGCTAAgctgTCGCGTTATGCTGTATGT
113,LDB2,GcaggcTGAACACGCTGGCT,3,CTTCTACCGAACATACAGccacCTTGTTGGcaggcTGAACACGCTGGCTgtttaagaGCTAAgctgTCGCGTTATGCTGTATGT
114,LHFP,GACTCCCGGCGAGTCCGCGG,1,CTTCTACCGAACATACAGccacCTTGTTGGACTCCCGGCGAGTCCGCGGgtttaagaGCTAAgctgTCGCGTTATGCTGTATGT
115,LHFP,GCAGCGGAGACCCCCACTCC,2,CTTCTACCGAACATACAGccacCTTGTTGGCAGCGGAGACCCCCACTCCgtttaagaGCTAAgctgTCGCGTTATGCTGTATGT
116,LHFP,GgggATCGCACGCAGAGGAG,3,CTTCTACCGAACATACAGccacCTTGTTGGgggATCGCACGCAGAGGAGgtttaagaGCTAAgctgTCGCGTTATGCTGTATGT
117,LUM,GCAGAGTTCACAGCATATAT,1,CTTCTACCGAACATACAGccacCTTGTTGGCAGAGTTCACAGCATATATgtttaagaGCTAAgctgTCGCGTTATGCTGTATGT
118,LUM,GAGTTCACAGCATATATTGG,2,CTTCTACCGAACATACAGccacCTTGTTGGAGTTCACAGCATATATTGGgtttaagaGCTAAgctgTCGCGTTATGCTGTATGT
119,LUM,GTCTTAAAGCAGATGCACTA,3,CTTCTACCGAACATACAGccacCTTGTTGGTCTTAAAGCAGATGCACTAgtttaagaGCTAAgctgTCGCGTTATGCTGTATGT
120,LUZP1,Gggccggtcccgggtgaggt,1,CTTCTACCGAACATACAGccacCTTGTTGGggccggtcccgggtgaggtgtttaagaGCTAAgctgTCGCGTTATGCTGTATGT
121,LUZP1,GCCGGTCGCTGGCAGCTGAG,2,CTTCTACCGAACATACAGccacCTTGTTGGCCGGTCGCTGGCAGCTGAGgtttaagaGCTAAgctgTCGCGTTATGCTGTATGT
122,LUZP1,GGCGCAGCCGAGGAGAGATG,3,CTTCTACCGAACATACAGccacCTTGTTGGGCGCAGCCGAGGAGAGATGgtttaagaGCTAAgctgTCGCGTTATGCTGTATGT
123,LYN,GGTCTGGCCCGGAGGCGCCA,1,CTTCTACCGAACATACAGccacCTTGTTGGGTCTGGCCCGGAGGCGCCAgtttaagaGCTAAgctgTCGCGTTATGCTGTATGT
124,LYN,GAGAGGAACTGGCTGTCTCT,2,CTTCTACCGAACATACAGccacCTTGTTGGAGAGGAACTGGCTGTCTCTgtttaagaGCTAAgctgTCGCGTTATGCTGTATGT
125,LYN,GTGCAGCGCGTCTGGCCCGG,3,CTTCTACCGAACATACAGccacCTTGTTGGTGCAGCGCGTCTGGCCCGGgtttaagaGCTAAgctgTCGCGTTATGCTGTATGT
126,MAML2,GATTGTGCTCCGATAGgaga,1,CTTCTACCGAACATACAGccacCTTGTTGGATTGTGCTCCGATAGgagagtttaagaGCTAAgctgTCGCGTTATGCTGTATGT
127,MAML2,GgCCAGCAAGCTGCAGATGG,2,CTTCTACCGAACATACAGccacCTTGTTGGgCCAGCAAGCTGCAGATGGgtttaagaGCTAAgctgTCGCGTTATGCTGTATGT
128,MAML2,GCGGAGTCACGGCGATACAC,3,CTTCTACCGAACATACAGccacCTTGTTGGCGGAGTCACGGCGATACACgtttaagaGCTAAgctgTCGCGTTATGCTGTATGT
129,MEX3A,GAGGGGCTGGGCTCTATTGG,1,CTTCTACCGAACATACAGccacCTTGTTGGAGGGGCTGGGCTCTATTGGgtttaagaGCTAAgctgTCGCGTTATGCTGTATGT
130,MEX3A,GGTCCGGGAGCGGCGCTCAG,2,CTTCTACCGAACATACAGccacCTTGTTGGGTCCGGGAGCGGCGCTCAGgtttaagaGCTAAgctgTCGCGTTATGCTGTATGT
131,MEX3A,GCGGTGCGGGAGCCTAACGG,3,CTTCTACCGAACATACAGccacCTTGTTGGCGGTGCGGGAGCCTAACGGgtttaagaGCTAAgctgTCGCGTTATGCTGTATGT
132,MFAP4,GAGCAGAACTGACAGCATGA,1,CTTCTACCGAACATACAGccacCTTGTTGGAGCAGAACTGACAGCATGAgtttaagaGCTAAgctgTCGCGTTATGCTGTATGT
133,MFAP4,GGTACGGGGCCCAGGGTCGG,2,CTTCTACCGAACATACAGccacCTTGTTGGGTACGGGGCCCAGGGTCGGgtttaagaGCTAAgctgTCGCGTTATGCTGTATGT
134,MFAP4,GACTGACAGCATGAAGGTAC,3,CTTCTACCGAACATACAGccacCTTGTTGGACTGACAGCATGAAGGTACgtttaagaGCTAAgctgTCGCGTTATGCTGTATGT
135,MSN,Gggagcgggcggcgcgacag,1,CTTCTACCGAACATACAGccacCTTGTTGGggagcgggcggcgcgacaggtttaagaGCTAAgctgTCGCGTTATGCTGTATGT
136,MSN,Ggcgggcggcgcgacagggg,2,CTTCTACCGAACATACAGccacCTTGTTGGgcgggcggcgcgacagggggtttaagaGCTAAgctgTCGCGTTATGCTGTATGT
137,MSN,GGGTCGACAGCGCCCACCTC,3,CTTCTACCGAACATACAGccacCTTGTTGGGGTCGACAGCGCCCACCTCgtttaagaGCTAAgctgTCGCGTTATGCTGTATGT
138,MSRB3,GAGCGAGGTTCGGACACCGG,1,CTTCTACCGAACATACAGccacCTTGTTGGAGCGAGGTTCGGACACCGGgtttaagaGCTAAgctgTCGCGTTATGCTGTATGT
139,MSRB3,GCCGCCGCGGGCTCATGGAA,2,CTTCTACCGAACATACAGccacCTTGTTGGCCGCCGCGGGCTCATGGAAgtttaagaGCTAAgctgTCGCGTTATGCTGTATGT
140,MSRB3,GGGGAGCGAGGTTCGGACAC,3,CTTCTACCGAACATACAGccacCTTGTTGGGGGAGCGAGGTTCGGACACgtttaagaGCTAAgctgTCGCGTTATGCTGTATGT
141,NDN,GTGTCTGCGCCGTCTGGCAA,1,CTTCTACCGAACATACAGccacCTTGTTGGTGTCTGCGCCGTCTGGCAAgtttaagaGCTAAgctgTCGCGTTATGCTGTATGT
142,NDN,GCCTCTCCAGGAATCCGCGG,2,CTTCTACCGAACATACAGccacCTTGTTGGCCTCTCCAGGAATCCGCGGgtttaagaGCTAAgctgTCGCGTTATGCTGTATGT
143,NDN,GCTTCCTCTCCAGGAATCCG,3,CTTCTACCGAACATACAGccacCTTGTTGGCTTCCTCTCCAGGAATCCGgtttaagaGCTAAgctgTCGCGTTATGCTGTATGT
144,NR4A1,GCGGAGGCTACGAAACTTGG,1,CTTCTACCGAACATACAGccacCTTGTTGGCGGAGGCTACGAAACTTGGgtttaagaGCTAAgctgTCGCGTTATGCTGTATGT
145,NR4A1,GGGAGTGCACAGAAGAACTT,2,CTTCTACCGAACATACAGccacCTTGTTGGGGAGTGCACAGAAGAACTTgtttaagaGCTAAgctgTCGCGTTATGCTGTATGT
146,NR4A1,GGGGAGCGCACGCGGGACCA,3,CTTCTACCGAACATACAGccacCTTGTTGGGGGAGCGCACGCGGGACCAgtttaagaGCTAAgctgTCGCGTTATGCTGTATGT
147,NRG1,GTGCTCACGCTCCCATCGTC,1,CTTCTACCGAACATACAGccacCTTGTTGGTGCTCACGCTCCCATCGTCgtttaagaGCTAAgctgTCGCGTTATGCTGTATGT
148,NRG1,GGCGGCGGCTGCCGGACGAT,2,CTTCTACCGAACATACAGccacCTTGTTGGGCGGCGGCTGCCGGACGATgtttaagaGCTAAgctgTCGCGTTATGCTGTATGT
149,NRG1,GGCGCCCTCGCAACCCGATC,3,CTTCTACCGAACATACAGccacCTTGTTGGGCGCCCTCGCAACCCGATCgtttaagaGCTAAgctgTCGCGTTATGCTGTATGT
150,OLFML1,GGAGGGTCCGCATGTGTCAA,1,CTTCTACCGAACATACAGccacCTTGTTGGGAGGGTCCGCATGTGTCAAgtttaagaGCTAAgctgTCGCGTTATGCTGTATGT
151,OLFML1,GGTGGTTGCAAGCTGCTTCC,2,CTTCTACCGAACATACAGccacCTTGTTGGGTGGTTGCAAGCTGCTTCCgtttaagaGCTAAgctgTCGCGTTATGCTGTATGT
152,OLFML1,GGATGTCTCAAGGGCTCCGG,3,CTTCTACCGAACATACAGccacCTTGTTGGGATGTCTCAAGGGCTCCGGgtttaagaGCTAAgctgTCGCGTTATGCTGTATGT
153,PCOLCE,GGCTGGGGTCCTCAAGACAG,1,CTTCTACCGAACATACAGccacCTTGTTGGGCTGGGGTCCTCAAGACAGgtttaagaGCTAAgctgTCGCGTTATGCTGTATGT
154,PCOLCE,GGCAGGCAGCATGGCCCCGG,2,CTTCTACCGAACATACAGccacCTTGTTGGGCAGGCAGCATGGCCCCGGgtttaagaGCTAAgctgTCGCGTTATGCTGTATGT
155,PCOLCE,GCCCCGGGGGAAAGGCGCTG,3,CTTCTACCGAACATACAGccacCTTGTTGGCCCCGGGGGAAAGGCGCTGgtttaagaGCTAAgctgTCGCGTTATGCTGTATGT
156,PDGFRA,GACATCGGAGGAGAAGGTAA,1,CTTCTACCGAACATACAGccacCTTGTTGGACATCGGAGGAGAAGGTAAgtttaagaGCTAAgctgTCGCGTTATGCTGTATGT
157,PDGFRA,GCTGTAGCTCCAACAGTAAT,2,CTTCTACCGAACATACAGccacCTTGTTGGCTGTAGCTCCAACAGTAATgtttaagaGCTAAgctgTCGCGTTATGCTGTATGT
158,PDGFRA,GCATTGCGGAATAACATCGG,3,CTTCTACCGAACATACAGccacCTTGTTGGCATTGCGGAATAACATCGGgtttaagaGCTAAgctgTCGCGTTATGCTGTATGT
159,PI3,GGCTGGGACGCTGGTTCTAG,1,CTTCTACCGAACATACAGccacCTTGTTGGGCTGGGACGCTGGTTCTAGgtttaagaGCTAAgctgTCGCGTTATGCTGTATGT
160,PI3,GTAGAGGCAGCTGTCACGGG,2,CTTCTACCGAACATACAGccacCTTGTTGGTAGAGGCAGCTGTCACGGGgtttaagaGCTAAgctgTCGCGTTATGCTGTATGT
161,PI3,GGGAGCACTTCTGAAGCAGT,3,CTTCTACCGAACATACAGccacCTTGTTGGGGAGCACTTCTGAAGCAGTgtttaagaGCTAAgctgTCGCGTTATGCTGTATGT
162,PLAUR,GcGGGTGACCCATGTCGCGA,1,CTTCTACCGAACATACAGccacCTTGTTGGcGGGTGACCCATGTCGCGAgtttaagaGCTAAgctgTCGCGTTATGCTGTATGT
163,PLAUR,GGGAGCTGCCCTCGCGACAT,2,CTTCTACCGAACATACAGccacCTTGTTGGGGAGCTGCCCTCGCGACATgtttaagaGCTAAgctgTCGCGTTATGCTGTATGT
164,PLAUR,GGTGCAGGGACCCCGCGCAC,3,CTTCTACCGAACATACAGccacCTTGTTGGGTGCAGGGACCCCGCGCACgtttaagaGCTAAgctgTCGCGTTATGCTGTATGT
165,PLEKHA2,GGGCCTAGAAGGCTCCCCTA,1,CTTCTACCGAACATACAGccacCTTGTTGGGGCCTAGAAGGCTCCCCTAgtttaagaGCTAAgctgTCGCGTTATGCTGTATGT
166,PLEKHA2,GAAGTCCAGGCTGCACCCAG,2,CTTCTACCGAACATACAGccacCTTGTTGGAAGTCCAGGCTGCACCCAGgtttaagaGCTAAgctgTCGCGTTATGCTGTATGT
167,PLEKHA2,GGACCCCGCAACGACTGCCC,3,CTTCTACCGAACATACAGccacCTTGTTGGGACCCCGCAACGACTGCCCgtttaagaGCTAAgctgTCGCGTTATGCTGTATGT
168,PODN,GGGAGCGCAGCTGAGACTGG,1,CTTCTACCGAACATACAGccacCTTGTTGGGGAGCGCAGCTGAGACTGGgtttaagaGCTAAgctgTCGCGTTATGCTGTATGT
169,PODN,GGCGCCCAGCTTGACTTGAA,2,CTTCTACCGAACATACAGccacCTTGTTGGGCGCCCAGCTTGACTTGAAgtttaagaGCTAAgctgTCGCGTTATGCTGTATGT
170,PODN,GGTGCAGGGTCCTACAGAGG,3,CTTCTACCGAACATACAGccacCTTGTTGGGTGCAGGGTCCTACAGAGGgtttaagaGCTAAgctgTCGCGTTATGCTGTATGT
171,PPAPDC1A,GCGTCAGCTGGTGCTCTCCG,1,CTTCTACCGAACATACAGccacCTTGTTGGCGTCAGCTGGTGCTCTCCGgtttaagaGCTAAgctgTCGCGTTATGCTGTATGT
172,PPAPDC1A,GCGGCTCGCCAGACCCTGGG,2,CTTCTACCGAACATACAGccacCTTGTTGGCGGCTCGCCAGACCCTGGGgtttaagaGCTAAgctgTCGCGTTATGCTGTATGT
173,PPAPDC1A,GGCTCGCACCCCGATCTCAA,3,CTTCTACCGAACATACAGccacCTTGTTGGGCTCGCACCCCGATCTCAAgtttaagaGCTAAgctgTCGCGTTATGCTGTATGT
174,PTRF,GGAGAGAAGCAGGAGCGGAA,1,CTTCTACCGAACATACAGccacCTTGTTGGGAGAGAAGCAGGAGCGGAAgtttaagaGCTAAgctgTCGCGTTATGCTGTATGT
175,PTRF,GGTCCCGGTGCGCACGGACG,2,CTTCTACCGAACATACAGccacCTTGTTGGGTCCCGGTGCGCACGGACGgtttaagaGCTAAgctgTCGCGTTATGCTGTATGT
176,PTRF,GGGAGCTGGAGCGGGAGACC,3,CTTCTACCGAACATACAGccacCTTGTTGGGGAGCTGGAGCGGGAGACCgtttaagaGCTAAgctgTCGCGTTATGCTGTATGT
177,RGS2,GGCCCAGCCGCAAACAGCCG,1,CTTCTACCGAACATACAGccacCTTGTTGGGCCCAGCCGCAAACAGCCGgtttaagaGCTAAgctgTCGCGTTATGCTGTATGT
178,RGS2,GTGCCTGCGCTCTTGTCCAT,2,CTTCTACCGAACATACAGccacCTTGTTGGTGCCTGCGCTCTTGTCCATgtttaagaGCTAAgctgTCGCGTTATGCTGTATGT
179,RGS2,GGACCCATGGACAAGAGCGC,3,CTTCTACCGAACATACAGccacCTTGTTGGGACCCATGGACAAGAGCGCgtttaagaGCTAAgctgTCGCGTTATGCTGTATGT
180,RUNX1T1,GCAGCGTACCACACAGAAAG,1,CTTCTACCGAACATACAGccacCTTGTTGGCAGCGTACCACACAGAAAGgtttaagaGCTAAgctgTCGCGTTATGCTGTATGT
181,RUNX1T1,GGAGACAGCCACTTTCTGTG,2,CTTCTACCGAACATACAGccacCTTGTTGGGAGACAGCCACTTTCTGTGgtttaagaGCTAAgctgTCGCGTTATGCTGTATGT
182,RUNX1T1,GGTGTGGTACGCTGGATTCA,3,CTTCTACCGAACATACAGccacCTTGTTGGGTGTGGTACGCTGGATTCAgtttaagaGCTAAgctgTCGCGTTATGCTGTATGT
183,SAA4,GCTGGCCGTGGAGCTATAGT,1,CTTCTACCGAACATACAGccacCTTGTTGGCTGGCCGTGGAGCTATAGTgtttaagaGCTAAgctgTCGCGTTATGCTGTATGT
184,SAA4,GCATCTGGAGAAAGGTCCAC,2,CTTCTACCGAACATACAGccacCTTGTTGGCATCTGGAGAAAGGTCCACgtttaagaGCTAAgctgTCGCGTTATGCTGTATGT
185,SAA4,GCCAGATGAAATTTCAGTAA,3,CTTCTACCGAACATACAGccacCTTGTTGGCCAGATGAAATTTCAGTAAgtttaagaGCTAAgctgTCGCGTTATGCTGTATGT
186,SDPR,GGGGCACCAGTCTCCAGGAC,1,CTTCTACCGAACATACAGccacCTTGTTGGGGGCACCAGTCTCCAGGACgtttaagaGCTAAgctgTCGCGTTATGCTGTATGT
187,SDPR,GGACTGGCAGAGGTTCAGAC,2,CTTCTACCGAACATACAGccacCTTGTTGGGACTGGCAGAGGTTCAGACgtttaagaGCTAAgctgTCGCGTTATGCTGTATGT
188,SDPR,GAACTGGCTACGCTGATCAG,3,CTTCTACCGAACATACAGccacCTTGTTGGAACTGGCTACGCTGATCAGgtttaagaGCTAAgctgTCGCGTTATGCTGTATGT
189,SERPINE1,GCCACATCTGGTATAAAAGG,1,CTTCTACCGAACATACAGccacCTTGTTGGCCACATCTGGTATAAAAGGgtttaagaGCTAAgctgTCGCGTTATGCTGTATGT
190,SERPINE1,GTAAGCCCGAAGTAAGAGGT,2,CTTCTACCGAACATACAGccacCTTGTTGGTAAGCCCGAAGTAAGAGGTgtttaagaGCTAAgctgTCGCGTTATGCTGTATGT
191,SERPINE1,GCTGCTGGAGGGGGGCGTGT,3,CTTCTACCGAACATACAGccacCTTGTTGGCTGCTGGAGGGGGGCGTGTgtttaagaGCTAAgctgTCGCGTTATGCTGTATGT
192,SGK1,GCTCCCCGCGGTGGTGATGA,1,CTTCTACCGAACATACAGccacCTTGTTGGCTCCCCGCGGTGGTGATGAgtttaagaGCTAAgctgTCGCGTTATGCTGTATGT
193,SGK1,GCTCATCCTGGAGTAAGTGA,2,CTTCTACCGAACATACAGccacCTTGTTGGCTCATCCTGGAGTAAGTGAgtttaagaGCTAAgctgTCGCGTTATGCTGTATGT
194,SGK1,GGACGTTAGCGCTCAAAGAC,3,CTTCTACCGAACATACAGccacCTTGTTGGGACGTTAGCGCTCAAAGACgtttaagaGCTAAgctgTCGCGTTATGCTGTATGT
195,SLC2A3,GTTTCTCCACGTCCTCAGGA,1,CTTCTACCGAACATACAGccacCTTGTTGGTTTCTCCACGTCCTCAGGAgtttaagaGCTAAgctgTCGCGTTATGCTGTATGT
196,SLC2A3,GAGACCCAGAGATGCTGTAA,2,CTTCTACCGAACATACAGccacCTTGTTGGAGACCCAGAGATGCTGTAAgtttaagaGCTAAgctgTCGCGTTATGCTGTATGT
197,SLC2A3,GAGACTTTGGATCCTTCCTG,3,CTTCTACCGAACATACAGccacCTTGTTGGAGACTTTGGATCCTTCCTGgtttaagaGCTAAgctgTCGCGTTATGCTGTATGT
198,SOX18,Gaggccgggagggcggatgg,1,CTTCTACCGAACATACAGccacCTTGTTGGaggccgggagggcggatgggtttaagaGCTAAgctgTCGCGTTATGCTGTATGT
199,SOX18,Gcggatggcggtggggacgg,2,CTTCTACCGAACATACAGccacCTTGTTGGcggatggcggtggggacgggtttaagaGCTAAgctgTCGCGTTATGCTGTATGT
200,SOX18,Ggcgaggccgcgcgtgtcag,3,CTTCTACCGAACATACAGccacCTTGTTGGgcgaggccgcgcgtgtcaggtttaagaGCTAAgctgTCGCGTTATGCTGTATGT
201,ST8SIA2,GcagcggcagcgACAGGCAG,1,CTTCTACCGAACATACAGccacCTTGTTGGcagcggcagcgACAGGCAGgtttaagaGCTAAgctgTCGCGTTATGCTGTATGT
202,ST8SIA2,GCTGCGCTCCGGACGAGTCC,2,CTTCTACCGAACATACAGccacCTTGTTGGCTGCGCTCCGGACGAGTCCgtttaagaGCTAAgctgTCGCGTTATGCTGTATGT
203,ST8SIA2,GGGGCAGACACCCTGCGCTC,3,CTTCTACCGAACATACAGccacCTTGTTGGGGGCAGACACCCTGCGCTCgtttaagaGCTAAgctgTCGCGTTATGCTGTATGT
204,TGFBR2,GCGGCCGAGGGAAGCTGCAC,1,CTTCTACCGAACATACAGccacCTTGTTGGCGGCCGAGGGAAGCTGCACgtttaagaGCTAAgctgTCGCGTTATGCTGTATGT
205,TGFBR2,GGCGTGCACCCGCTCGGGAC,2,CTTCTACCGAACATACAGccacCTTGTTGGGCGTGCACCCGCTCGGGACgtttaagaGCTAAgctgTCGCGTTATGCTGTATGT
206,TGFBR2,GACCCGCTCGGGACAGGAGC,3,CTTCTACCGAACATACAGccacCTTGTTGGACCCGCTCGGGACAGGAGCgtttaagaGCTAAgctgTCGCGTTATGCTGTATGT
207,TIMP2,GgcggcgcTGCGGTTCTCGG,1,CTTCTACCGAACATACAGccacCTTGTTGGgcggcgcTGCGGTTCTCGGgtttaagaGCTAAgctgTCGCGTTATGCTGTATGT
208,TIMP2,GACATCCGTAGAAGGCAGCG,2,CTTCTACCGAACATACAGccacCTTGTTGGACATCCGTAGAAGGCAGCGgtttaagaGCTAAgctgTCGCGTTATGCTGTATGT
209,TIMP2,Gcagcgcccggaccccccag,3,CTTCTACCGAACATACAGccacCTTGTTGGcagcgcccggaccccccaggtttaagaGCTAAgctgTCGCGTTATGCTGTATGT
210,TUBA1C,GAGACTACCAAGGAGTCCGG,1,CTTCTACCGAACATACAGccacCTTGTTGGAGACTACCAAGGAGTCCGGgtttaagaGCTAAgctgTCGCGTTATGCTGTATGT
211,TUBA1C,GAGGCGAAGGGACGGCAACA,2,CTTCTACCGAACATACAGccacCTTGTTGGAGGCGAAGGGACGGCAACAgtttaagaGCTAAgctgTCGCGTTATGCTGTATGT
212,TUBA1C,GACTTCTCCCCCGGACTCCT,3,CTTCTACCGAACATACAGccacCTTGTTGGACTTCTCCCCCGGACTCCTgtttaagaGCTAAgctgTCGCGTTATGCTGTATGT
213,ZEB1,GGCGCAATAACGGTGAGTgg,1,CTTCTACCGAACATACAGccacCTTGTTGGGCGCAATAACGGTGAGTgggtttaagaGCTAAgctgTCGCGTTATGCTGTATGT
214,ZEB1,GACAAGCGAGAGGATCATGG,2,CTTCTACCGAACATACAGccacCTTGTTGGACAAGCGAGAGGATCATGGgtttaagaGCTAAgctgTCGCGTTATGCTGTATGT
215,ZEB1,GGACACAAGCGAGAGGATCA,3,CTTCTACCGAACATACAGccacCTTGTTGGGACACAAGCGAGAGGATCAgtttaagaGCTAAgctgTCGCGTTATGCTGTATGT
216,ZFP36,GAGGGGTGTCGGCCGAGAGT,1,CTTCTACCGAACATACAGccacCTTGTTGGAGGGGTGTCGGCCGAGAGTgtttaagaGCTAAgctgTCGCGTTATGCTGTATGT
217,ZFP36,GGAGTGGGAGCGCTGAAGTC,2,CTTCTACCGAACATACAGccacCTTGTTGGGAGTGGGAGCGCTGAAGTCgtttaagaGCTAAgctgTCGCGTTATGCTGTATGT
218,ZFP36,GTAGATGGCAGTCAGATCCA,3,CTTCTACCGAACATACAGccacCTTGTTGGTAGATGGCAGTCAGATCCAgtttaagaGCTAAgctgTCGCGTTATGCTGTATGT
0,neg,GAACGACTAGTTAGGCGTGTA,1,CTTCTACCGAACATACAGccacCTTGTTGGAACGACTAGTTAGGCGTGTAgtttaagaGCTAAgctgTCGCGTTATGCTGTATGT
1,neg,GCGCCAAACGTGCCCTGACGG,2,CTTCTACCGAACATACAGccacCTTGTTGGCGCCAAACGTGCCCTGACGGgtttaagaGCTAAgctgTCGCGTTATGCTGTATGT
2,neg,GTGCGATGGGGGGGTGGGTAGC,3,CTTCTACCGAACATACAGccacCTTGTTGGTGCGATGGGGGGGTGGGTAGCgtttaagaGCTAAgctgTCGCGTTATGCTGTATGT
